Address,Zip Code,Area,Price Category,Current Price,List Price,Close Price,Baths Total,Bedrooms,Building SqFt,Lot Size,Year Built,CDOM,Subdivision
1619 Lynnview Drive,77055,77007/77055,Expensive,3700000,3874000,3700000,8.1,6,8138,13194,2021,76,Monarch Oaks
26 Crestwood Drive,77007,77007/77055,Expensive,3600000,4025000,3600000,4.3,3,7000,34883,2000,21,Crestwood
1311 Pine Chase Drive,77055,77007/77055,Expensive,3500000,3500000,3500000,7.2,6,6811,17283,2026,0,Hilshire Manor
322 Crestwood Drive,77007,77007/77055,Expensive,3350000,3899900,3350000,4.2,4,7105,9900,2004,606,Crestwood Add
6009 Feagan Street,77007,77007/77055,Expensive,3300000,3375000,3300000,5.1,4,6151,7150,2023,40,Glen Cove
8320 Cedarspur Drive,77055,77007/77055,Expensive,3250000,2950000,3250000,6.1,6,5597,10295,2026,5,Brighton Place
1228 Archley Drive,77055,77007/77055,Expensive,3213355,3100000,3213355,5.1,5,5633,21830,2014,3,Hilshire Village
1426 Huge Oaks Street,77055,77007/77055,Expensive,3150000,3095000,3150000,5.3,5,6609,15000,2026,69,Monarch Oaks
7603 Edgeway Drive,77055,77007/77055,Expensive,2920500,3000000,2920500,5.2,4,6683,20278,2011,22,BRYKERWOODS ESTATES
8802 Lanell Lane,77055,77007/77055,Expensive,2895000,2895000,2895000,5.2,5,5603,13330,2026,0,Cedarwood
8722 Lupton Lane,77055,77007/77055,Expensive,2890000,2899000,2890000,5.1,5,5403,11700,2025,83,Spring Valley
1614 Lynnview Drive,77055,77007/77055,Expensive,2860000,2875000,2860000,4.3,5,6028,13200,2026,22,Monarch Oaks
1328 Mickey Way,77055,77007/77055,Expensive,2850000,2850000,2850000,6.2,5,5497,9324,2026,140,Forest Retreat
1338 Mickey Way,77055,77007/77055,Expensive,2850000,2795000,2850000,6.1,6,5570,11025,2020,6,Forest Retreat
8818 Echo Valley Drive,77055,77007/77055,Expensive,2750000,2800000,2750000,5.1,5,5882,11989,2025,35,Echo Valley Estates
8837 Larston Street,77055,77007/77055,Expensive,2710000,2750000,2710000,5.3,5,5462,11250,2025,52,LT 9 Fries Pines
1310 Pine Chase Drive,77055,77007/77055,Expensive,2700000,2750000,2700000,5.1,5,5369,14749,2013,23,Hilshire Manor
701 Oxford Street,77007,77007/77055,Expensive,2650000,2600000,2650000,4.1,4,4000,13200,1920,2,Houston Heights
7807 Bryonwood Drive,77055,77007/77055,Expensive,2650000,2650000,2650000,5.1,5,5755,12600,2025,64,Brykerwoods Sec 02
8619 Cedarbrake Drive,77055,77007/77055,Expensive,2617500,2650000,2617500,6.1,5,5622,10226,2025,300,Spring Valley
8935 Pado Street,77055,77007/77055,Expensive,2600000,2675000,2600000,4.2,5,6003,12720,2025,183,Springwood
1117 Traweek Street,77055,77007/77055,Expensive,2600000,2500000,2600000,4.2,5,5220,15065,2006,4,Bonnie Oaks
7908 Westwood Drive,77055,77007/77055,Expensive,2595000,2700000,2595000,5.2,5,5591,16000,2025,147,Westwood Oaks
8830 Merlin Drive,77055,77007/77055,Expensive,2585250,2595000,2585250,5.1,4,5090,10354,2026,104,Cedarwood Sec 02
9213 Hilldale Street,77055,77007/77055,Expensive,2525000,2650000,2525000,7.1,6,5427,11060,2026,19,Valley West
8854 Cardwell Drive,77055,77007/77055,Expensive,2500000,2500000,2500000,6.2,6,5421,9600,2025,0,Canopy Court
210 Glenwood Drive,77007,77007/77055,Expensive,2480972,2650000,2480972,5.2,4,5397,12633,2006,201,GLEN COVE
626 E 8th Street,77007,77007/77055,Expensive,2470000,2500000,2470000,4.1,4,4770,10560,2005,2,ALLEGRO TERRACE
7615 Bryonwood Drive,77055,77007/77055,Expensive,2415000,2500000,2415000,5.1,4,5530,11340,2008,5,Brykerwood Estate
1116 Danbury Road,77055,77007/77055,Expensive,2392000,2500000,2392000,5.1,4,5549,13680,2008,13,Brykerwoods
25 Woodsborough Circle,77055,77007/77055,Expensive,2351000,2290000,2351000,4.1,4,5429,14684,1990,5,Woodsborough
1026 Traweek Street,77055,77007/77055,Expensive,2350000,2290000,2350000,5.1,5,5306,14098,2021,40,Bonnie Oaks
7719 Betty Jane Lane,77055,77007/77055,Expensive,2350000,2500000,2350000,4.1,5,5685,11340,2006,10,Clay Woods
2 Burkhart Forest Court,77055,77007/77055,Expensive,2325000,2479000,2325000,5.1,5,6042,10002,2008,240,Spring Valley Village
1115 Glourie Drive,77055,77007/77055,Expensive,2325000,2300000,2325000,4.1,4,5026,15700,2015,2,Burkhardt Plaza
6024 Memorial Drive,77007,77007/77055,Expensive,2300000,2595000,2300000,3.2,3,5107,18368,2011,106,Glen Cove Sec 02
1005 W 7th 1/2 Street,77007,77007/77055,Expensive,2300000,2445000,2300000,4.2,4,4459,4140,2022,18,Kiam Place
701 E 8th Street,77007,77007/77055,Expensive,2270000,2395000,2270000,4.1,4,4524,6250,2018,18,Studes Sec Add
617 Harvard Street,77007,77007/77055,Expensive,2250000,2199000,2250000,5.1,4,4606,9900,1930,2,Houston Heights
1226 Mickey Way,77055,77007/77055,Expensive,2250000,2000000,2250000,4.1,4,4760,14800,2006,4,Ruvern Village
8521 Merlin Drive,77055,77007/77055,Expensive,2250000,2385000,2250000,4.2,4,5119,9600,2017,73,Spring Oaks Sec 03
1246 Ben Hur Drive,77055,77007/77055,Expensive,2247000,2295000,2247000,5.0,5,4877,10800,2012,47,Cedarwood Sec 02
1221 Archley Drive,77055,77007/77055,Expensive,2230000,3200000,2230000,5.2,4,8270,31047,2003,11,Ridgeley Place
610 E 7th Street,77007,77007/77055,Expensive,2222000,2295000,2222000,5.1,6,6185,6250,2012,5,Houston Heights
1713 Bayram Drive,77055,77007/77055,Expensive,2220000,2099000,2220000,6.0,4,5127,10800,2026,70,Spring Oaks R/P
726 E 7th Street,77007,77007/77055,Expensive,2217000,2199000,2217000,5.1,5,4737,6250,2026,99,Stude Sec 02
1510 Longacre Drive,77055,77007/77055,Expensive,2199900,2199900,2199900,5.1,6,5582,13144,2026,43,Timber Creek
6014 Floyd Street,77007,77007/77055,Expensive,2075000,2150000,2075000,3.1,4,4819,8117,2005,7,Glen Cove Sec 03
1701 Bayram Drive,77055,77007/77055,Expensive,2075000,2075000,2075000,4.2,4,5373,12825,2021,132,Spring Oaks R/P
8901 Bace Drive,77055,77007/77055,Expensive,2074950,2099950,2074950,4.1,5,4651,8200,2016,12,Bonnie Oaks Sec 02
7827 Brykerwoods Drive,77055,77007/77055,Expensive,2035000,2100000,2035000,4.1,5,4990,12700,2005,20,Brykerwoods Estates
6016 Feagan Street,77007,77007/77055,Expensive,2025000,2100000,2025000,3.1,4,4259,6820,2010,5,Glen Cove Sec 02
24 Village Oaks Lane,77055,77007/77055,Expensive,2015000,1875000,2015000,4.1,5,4741,18142,1998,8,Village Oaks
406 Columbia Street,77007,77007/77055,Expensive,2000000,2100000,2000000,5.1,5,4202,6600,2026,133,HOUSTON HEIGHTS
1518 Hillendahl Boulevard,77055,77007/77055,Expensive,2000000,2050000,2000000,5.1,5,6444,13300,2015,244,Monarch Oaks Sec 03
7614 Brykerwoods Drive,77055,77007/77055,Expensive,2000000,2149000,2000000,3.1,4,4494,11430,2008,43,Brykerwoods Estates
7514 Cuadro Lane,77055,77007/77055,Expensive,1968950,1970000,1968950,6.1,6,5760,6633,2025,0,Ravenna Sub
1609 Bayram Drive,77055,77007/77055,Expensive,1958747,1850000,1958747,5.1,5,4667,9450,2026,7,Spring Oaks R/P
7511 Viano Lane,77055,77007/77055,Expensive,1950000,1975000,1950000,5.1,5,5877,7840,2016,5,Ravenna Sub Amd 1
1513 Glourie Drive,77055,77007/77055,Expensive,1950000,1860000,1950000,4.1,4,4910,9126,2019,1,Glenmore Forest
6911 Hartland Avenue,77055,77007/77055,Expensive,1915000,1999900,1915000,4.1,5,5030,8118,2025,225,Afton Village Sec 01
402 Columbia Street,77007,77007/77055,Expensive,1900000,2100000,1900000,5.1,6,4538,6600,2026,222,Houston Heights
717 E 5th 1/2 Street,77007,77007/77055,Expensive,1900000,1950000,1900000,4.0,4,3289,7180,2025,111,Solar Street Plaza
9120 Hilldale Street,77055,77007/77055,Expensive,1895000,1895000,1895000,3.1,4,3712,19948,1997,3,Lee Park
7719 Brykerwoods Drive,77055,77007/77055,Expensive,1890000,1950000,1890000,4.1,4,4334,12700,2012,5,Brykerwoods Estates
4119 Allen St,77007,77007/77055,Expensive,1875000,1899000,1875000,4.0,3,3920,13891,2010,214,Magnolia
607 Harvard Street,77007,77007/77055,Expensive,1860000,1995000,1860000,3.1,4,3760,13200,1920,9,Heights
404 Columbia Street,77007,77007/77055,Expensive,1845000,1925000,1845000,5.1,5,4300,6600,2025,176,Houston Heights
8614 Westview Drive,77055,77007/77055,Expensive,1845000,1875000,1845000,4.1,4,4933,15200,2003,62,Kauffman
838 Ashland Street,77007,77007/77055,Expensive,1840000,1999999,1840000,3.1,4,3882,10341,2003,71,Ashland Heights
16 Pine Creek Lane,77055,77007/77055,Expensive,1831000,1800000,1831000,3.1,4,3000,13823,1970,4,Pine Creek Village
723 E 7th Street,77007,77007/77055,Expensive,1820000,1849900,1820000,4.0,5,3541,6250,2014,7,Stude
8610 Cedarbrake Drive,77055,77007/77055,Expensive,1810000,1949000,1810000,5.1,4,4692,10360,2007,149,Spring Valley
1104 Mosaico Lane,77055,77007/77055,Expensive,1805000,1875000,1805000,5.2,5,6079,9148,2016,11,Ravenna Spring Branch
6514 Rolla Street,77055,77007/77055,Expensive,1765000,1797000,1765000,4.1,4,4402,8125,2026,25,Westview Terrace
6502 Corbin Street,77055,77007/77055,Expensive,1761525,1699900,1761525,5.2,5,4855,8750,2025,151,Westview Terrace
6405 Rodrigo Street Unit#A,77007,77007/77055,Expensive,1760000,1824990,1760000,3.1,4,4050,2625,2026,94,Rodrigo Lndg
1410 Aldrich Street,77055,77007/77055,Expensive,1760000,1836880,1760000,5.1,5,5032,7552,2026,13,Westview Terrace
1108 Danbury Road,77055,77007/77055,Expensive,1754000,1790000,1754000,4.2,5,4325,11394,2005,8,Brykerwoods Sec 02
4316 Dickson Street,77007,77007/77055,Expensive,1750000,1785000,1750000,4.0,5,4340,8000,1999,69,West End Terrace
6525 Rolla Street,77055,77007/77055,Expensive,1750000,1799000,1750000,5.1,5,4587,8320,2026,64,Westview Terrace
1611 Lynnview Drive,77055,77007/77055,Expensive,1750000,1800000,1750000,4.1,5,5046,13200,2010,114,Monarch Oaks
6629 Clawson Street,77055,77007/77055,Expensive,1750000,1750000,1750000,4.1,5,4207,10625,2017,0,Westview Terrace
1323 Modiste Street,77055,77007/77055,Expensive,1750000,1795000,1750000,4.1,4,4172,9620,2012,78,Spring Oaks
6606 Sivley Street,77055,77007/77055,Expensive,1740000,1795000,1740000,4.1,4,5569,8125,2025,269,Westview Terrace
305 E 5th Street,77007,77007/77055,Expensive,1730000,1792000,1730000,3.1,4,3127,6600,1920,27,Houston Heights
736 E 7th 1/2 Street,77007,77007/77055,Expensive,1725000,1749000,1725000,5.0,4,3446,6250,2017,12,Stude Sec 02
7510 Ciano Lane,77055,77007/77055,Expensive,1725000,1795000,1725000,4.1,4,4729,7840,2015,53,Ravenna
824 Cortlandt Street,77007,77007/77055,Expensive,1700000,1798895,1700000,5.1,3,NULL,6600,1920,19,Houston Heights
6405 Rodrigo Street Unit#B,77007,77007/77055,Expensive,1700000,1698500,1700000,3.1,4,3842,2625,2026,18,Rodrigo Lndg
6606 Clawson Street,77055,77007/77055,Expensive,1700000,1700000,1700000,4.1,5,4128,8125,2026,7,Westview Terrace
6510 Sivley Street,77055,77007/77055,Expensive,1695000,1695000,1695000,4.2,4,5288,8125,2025,312,Westview Terrace
8321 Burkhart Court,77055,77007/77055,Expensive,1675000,1495000,1675000,3.1,4,3329,12283,1979,3,Brighton Place
1719 Bayram Drive,77055,77007/77055,Expensive,1650000,1650000,1650000,5.1,6,4420,8100,2026,0,Spring Oaks
8737 Banzer Street,77055,77007/77055,Expensive,1650000,1740000,1650000,4.1,4,4202,10991,2018,32,Timber Creek R/P
9041 Larston Street,77055,77007/77055,Expensive,1615000,1699000,1615000,4.1,4,4201,10064,2017,26,Larston Court
7302 Schiller Street,77055,77007/77055,Expensive,1605000,1685000,1605000,4.1,4,4877,9900,2025,71,Pine Terrace Sec 03
6015 Floyd Street,77007,77007/77055,Expensive,1600000,1749000,1600000,4.1,4,4372,6270,2005,33,Glen Cove Sec 03
1639 Woodvine Drive,77055,77007/77055,Expensive,1600000,1650000,1600000,5.1,5,4920,7397,2025,39,Pine Terrace
7515 Little Caprese Lane,77055,77007/77055,Expensive,1595000,1595000,1595000,4.1,4,4638,3827,2025,52,Ravenna Sub
6610 Housman Street,77055,77007/77055,Expensive,1580000,1595000,1580000,5.1,5,4512,7500,2025,94,Westview Terrace Sec 02 R/P
6533 Corbin Street,77055,77007/77055,Expensive,1575000,1600000,1575000,4.1,4,4622,6825,2022,122,Westview Terrace
6414 Teluco Street,77055,77007/77055,Expensive,1575000,1649000,1575000,4.1,4,3918,10205,2026,0,Westview Terrace Sec 02
6534 Corbin Street,77055,77007/77055,Expensive,1575000,1655000,1575000,4.2,4,4832,8125,2025,232,Westview Terrace
1522 Longacre Drive,77055,77007/77055,Expensive,1575000,1625000,1575000,4.1,5,3945,11699,2007,5,Timber Crk Rep
7546 Awty School Lane,77055,77007/77055,Expensive,1560000,1590000,1560000,4.1,4,4560,3740,2022,74,Ravenna Sub
810 Allston Street,77007,77007/77055,Expensive,1555000,1699000,1555000,4.0,4,3397,6204,2018,41,Houston Heights
5710 Logan Lane,77007,77007/77055,Expensive,1550250,1700000,1550250,4.1,4,4276,5766,1999,91,Tuscan Villas
3 Martin Lane,77055,77007/77055,Expensive,1550000,1595000,1550000,3.1,4,3777,11103,1992,23,Spring Valley Village
525 Cortlandt Street,77007,77007/77055,Expensive,1545000,1395000,1545000,3.1,4,3404,6600,1920,1,Houston Heights
306 E 5th Street,77007,77007/77055,Expensive,1525000,1575000,1525000,5.1,5,4144,5500,2014,86,Houston Heights
1619 Woodvine Drive,77055,77007/77055,Expensive,1520000,1550000,1520000,4.2,4,4572,10140,2025,24,Pine Terrace
1714 Cranway Drive,77055,77007/77055,Expensive,1515000,1395000,1515000,4.1,5,3540,11400,1956,5,Springwood Add
6433 Schiller Street,77055,77007/77055,Expensive,1515000,1450000,1515000,3.1,4,3663,8255,2017,8,Westview Terrace Sec 02
1206 Castellina Lane,77055,77007/77055,Expensive,1513500,1515000,1513500,4.1,5,4284,4902,2026,0,Ravenna Sub
215 Calle Ronda Place,77007,77007/77055,Expensive,1512500,1525000,1512500,4.1,3,3852,2147,2023,18,Caceres
513 W 8th Street,77007,77007/77055,Expensive,1500000,1649900,1500000,4.1,4,3728,4400,2025,112,Houston Heights
1717 Bayram Drive,77055,77007/77055,Expensive,1500000,1499000,1500000,6.0,4,4213,8100,2017,48,Spring Oaks Rep
9618 Larston Street,77055,77007/77055,Expensive,1494500,1490000,1494500,5.1,5,4435,8450,2024,1,Long Point Woods
7118 Schiller Street,77055,77007/77055,Expensive,1490000,1495000,1490000,4.1,5,4028,10430,2026,105,Pine Terrace
1502 Story Street,77055,77007/77055,Expensive,1485000,1485990,1485000,4.1,5,4485,10176,2025,430,Westview Terrace
8733 Banzer Street,77055,77007/77055,Expensive,1482013,1350000,1482013,3.0,4,2547,10095,1955,4,Timber Creek
517 Harvard Street,77007,77007/77055,Expensive,1480000,1540000,1480000,3.1,4,2858,6075,1907,46,Houston Heights
432 Arlington Street,77007,77007/77055,Expensive,1475000,1425000,1475000,4.0,4,3059,6600,2011,5,Houston Heights
805 Columbia Street,77007,77007/77055,Expensive,1475000,1445000,1475000,3.1,4,2972,6600,2009,6,Houston Heights Add
1730 Hollister Street,77055,77007/77055,Expensive,1475000,1485600,1475000,4.1,4,3715,13223,2014,5,Timber Creek R/P
4614 Inker Street,77007,77007/77055,Expensive,1462766,1499000,1462766,4.1,6,6228,10000,2007,58,Brunner Add
9710 Larston Street,77055,77007/77055,Expensive,1462000,1460000,1462000,5.1,5,3927,8280,2026,7,Long Point Woods
7115 Raton Street,77055,77007/77055,Expensive,1454000,1492500,1454000,5.2,5,4375,7200,2025,210,Pine Terrace
1139 Castellina Lane,77055,77007/77055,Expensive,1450000,1475000,1450000,5.1,5,4316,4094,2025,152,Ravenna
9630 Panola Way,77055,77007/77055,Expensive,1430034,1435000,1430034,5.1,5,4430,9100,2025,12,Long Point Woods
6605 Rolla Street,77055,77007/77055,Expensive,1430000,1499500,1430000,5.2,5,4596,8320,2019,99,Westview Terrace
1301 Ben Hur Drive,77055,77007/77055,Expensive,1428875,1325000,1428875,2.1,4,2620,10800,1989,4,Cedarwood
1504 Story Street,77055,77007/77055,Expensive,1425900,1425900,1425900,4.1,5,4242,10176,2025,457,Westview Terrace
8710 Burkhart Road,77055,77007/77055,Expensive,1425000,1449000,1425000,3.1,4,2747,10800,1958,9,Spring Valley Sec 02
1202 Castellina Lane,77055,77007/77055,Expensive,1425000,1425000,1425000,4.1,4,3832,4944,2025,0,Ravenna Sub
1139 Mosaico Lane,77055,77007/77055,Expensive,1425000,1425000,1425000,5.1,5,3774,3800,2025,145,Ravenna Sub Amd #1
1201 Confederate Road,77055,77007/77055,Expensive,1420000,1420000,1420000,4.1,4,4482,8320,2025,347,Long Point Woods
7207 Housman Street,77055,77007/77055,Expensive,1410000,1485000,1410000,4.1,4,4916,7500,2025,385,Pine Terrace Sec 02
7210 Jalna Street,77055,77007/77055,Expensive,1399000,1399000,1399000,4.0,5,4337,7200,2026,155,Pine Terrace
819 Blackshire Lane,77055,77007/77055,Expensive,1399000,1395000,1399000,3.1,3,3541,1638,2019,120,Somerset Green
1405 Confederate Road,77055,77007/77055,Expensive,1395000,1395000,1395000,4.1,4,4099,8840,2025,122,Long Point Woods
1143 Castellina Lane,77055,77007/77055,Expensive,1395000,1395000,1395000,4.1,4,4108,3264,2026,61,Ravenna
1205 Confederate Road,77055,77007/77055,Expensive,1395000,1510000,1395000,4.1,5,4437,8320,2025,141,Long Point Woods
6036 Feagan Street,77007,77007/77055,Expensive,1394000,1350000,1394000,3.0,3,2119,7480,1940,7,Glen Cove Sec
543 Threlkeld St,77007,77007/77055,Expensive,1384000,1384000,1384000,2.1,3,2866,10000,2010,186,Usener Add
6422 Schiller Street,77055,77007/77055,Expensive,1380000,1370000,1380000,4.1,4,3278,8125,2022,4,Westview Terrace Sec 02
633 Oxford Street,77007,77007/77055,Expensive,1375000,1425000,1375000,2.1,3,2700,6600,2011,102,The Heights
9142 Rangely Drive,77055,77007/77055,Expensive,1375000,1375000,1375000,3.1,4,3479,12125,2026,1,Western Oaks
1933 Restridge Drive,77055,77007/77055,Expensive,1375000,1375000,1375000,5.1,5,4458,7995,2026,7,Ridgecrest Sec
844 Cortlandt Street,77007,77007/77055,Expensive,1370000,1390000,1370000,2.0,4,1956,13200,1920,49,Houston Heights
1260 Fries Road,77055,77007/77055,Expensive,1370000,1425000,1370000,3.1,4,3547,11402,1991,11,Spring Valley Village
1240 Mosaico Lane,77055,77007/77055,Expensive,1360000,1388000,1360000,3.1,4,3833,4896,2018,19,Ravenna Sub
1314 Caywood Lane,77055,77007/77055,Expensive,1350000,1299000,1350000,3.1,4,3668,12008,2013,1,Shady Villa Sec 02
1506 Longacre Drive,77055,77007/77055,Expensive,1350000,1350000,1350000,4.2,4,3858,17925,1954,77,TIMBER CREEK
7550 Little Caprese Lane,77055,77007/77055,Expensive,1338500,1338500,1338500,4.1,4,3584,2313,2022,0,Ravenna Sub
7207 Tickner Street,77055,77007/77055,Expensive,1332000,1350000,1332000,4.1,4,4552,6150,2015,9,Tickner Villas
9761 Westview Drive,77055,77007/77055,Expensive,1325000,1350000,1325000,5.1,5,5943,11872,2016,45,Spring Branch Woods
638 Harvard Street,77007,77007/77055,Expensive,1320000,1400000,1320000,3.1,3,2165,6600,1920,36,Houston Heights
7311 Jalna Street,77055,77007/77055,Expensive,1320000,1349000,1320000,4.1,5,4129,7200,2026,92,Pine Terrace
1458 Oak Tree Drive,77055,77007/77055,Expensive,1302000,1350000,1302000,5.1,5,4568,9100,2025,118,Long Point Woods
606 Rutland Street,77007,77007/77055,Expensive,1300000,1300000,1300000,3.1,4,3420,4356,2013,107,Houston Heights
6642 Wanita Place,77007,77007/77055,Expensive,1300000,1395000,1300000,3.1,4,4341,5375,1995,214,Minola
6903 Schiller Street,77055,77007/77055,Expensive,1300000,1475000,1300000,4.1,4,4790,7800,2017,24,Pine Terrace
6522 Westview Drive,77055,77007/77055,Expensive,1300000,1350000,1300000,4.0,5,4212,6825,2024,515,Westview Terrace
8810 Echo Valley Drive,77055,77007/77055,Expensive,1299000,1450000,1299000,4.1,3,3120,10000,2011,111,Echo Vly Estates Rep 01
700 E 9th Street,77007,77007/77055,Expensive,1295000,1295000,1295000,2.0,3,2541,6250,1918,4,Stude 2
805 Heights Boulevard,77007,77007/77055,Expensive,1284000,1339900,1284000,3.0,4,3196,7500,1916,74,Houston Heights
8729 Burkhart Road,77055,77007/77055,Expensive,1272500,1349000,1272500,3.0,4,3047,10800,1958,6,Spring Valley
1402 Lynnview Drive,77055,77007/77055,Expensive,1265000,1325000,1265000,4.1,4,3687,12157,2005,48,Monarch Oaks Pt Sec 03 Rep
1922 Norcrest Dr Drive,77055,77007/77055,Expensive,1255000,1269000,1255000,4.1,4,3880,7500,2026,99,Ridgecrest Sec 02
135 Calle Catalina Place,77007,77007/77055,Expensive,1250000,1299000,1250000,4.1,3,4304,3071,2007,12,Caceres
242 Birdsall Street,77007,77007/77055,Expensive,1250000,1298000,1250000,3.2,3,3766,2500,2022,97,Rice Military
1131 Castellina Lane,77055,77007/77055,Expensive,1250000,1250000,1250000,4.1,4,3368,3515,2024,477,Ravenna
6503 Rodrigo Street,77007,77007/77055,Expensive,1244000,1299000,1244000,3.1,4,3248,2625,2013,3,Camp Logan 1st Pt Rep 2
8307 Creekstone Circle,77055,77007/77055,Expensive,1225000,1199000,1225000,2.1,5,2576,10303,1971,54,Friarcreek
8553 Western Drive,77055,77007/77055,Expensive,1225000,1249999,1225000,4.1,4,3922,9000,2025,276,Ridgecrest Sec 02
11 Pecan Trail Lane,77055,77007/77055,Expensive,1225000,1275000,1225000,3.1,4,3957,10259,2000,8,Pecan Trail
1302 Friarcreek Lane,77055,77007/77055,Expensive,1225000,1260000,1225000,2.1,4,2772,11590,1970,107,Friarcreek
1307 Story Street,77055,77007/77055,Expensive,1222500,1225000,1222500,3.1,4,4332,7605,2015,5,Westview Terrace
38 E Bend Lane,77007,77007/77055,Expensive,1220000,1300000,1220000,3.1,3,4596,6612,1995,15,Arlington Terrace Sec 02
8333 Cedarspur Drive,77055,77007/77055,Expensive,1220000,1275000,1220000,3.1,4,3480,10868,1978,8,Brighton Place
818 Dunleigh Meadows Lane,77055,77007/77055,Expensive,1215000,1300000,1215000,3.1,3,3223,1742,2020,6,Somerset Green
714 Rutland Street,77007,77007/77055,Expensive,1205000,1150000,1205000,2.1,3,2414,5441,2007,6,Houston Heights
619 Asbury Street,77007,77007/77055,Expensive,1200000,1250000,1200000,2.1,3,2923,7500,1995,5,Rice Military
9253 Elizabeth Road,77055,77007/77055,Expensive,1200000,1299000,1200000,2.0,3,1695,37290,1949,26,Campbell Place
1114 Guinea Drive,77055,77007/77055,Expensive,1200000,1375000,1200000,3.0,4,3386,15700,1961,34,Burkhardt Plaza
710 Waverly Street Unit#E,77007,77007/77055,Expensive,1199999,1199999,1199999,3.1,3,3158,3519,2025,51,Waverly Trail
1957 Restridge Drive,77055,77007/77055,Expensive,1196863,1155000,1196863,4.1,5,3914,8021,2025,66,Ridgecrest
8102 Montridge Drive,77055,77007/77055,Expensive,1195000,1195000,1195000,4.1,4,4240,7200,2025,314,Glenview
3711 Somerset Green Drive,77055,77007/77055,Expensive,1190000,1190000,1190000,3.1,3,3150,2240,2019,251,Somerset Green Sec 2
733 Ashland Street Unit#C,77007,77007/77055,Expensive,1180000,1100000,1180000,2.1,3,2370,3643,2015,4,Ashland Court Estates
6209 Westcott Street,77007,77007/77055,Expensive,1180000,1200000,1180000,4.1,4,3289,2500,2022,928,camp logan
8553 Montridge Drive,77055,77007/77055,Expensive,1180000,1275000,1180000,4.1,5,3797,10800,2020,14,Ridgecrest Sec 02
2554 Roy Circle,77007,77007/77055,Expensive,1175000,1100000,1175000,3.1,4,2996,12670,2019,8,Cottage Oaks
29 N Creekside Court,77055,77007/77055,Expensive,1160000,1150000,1160000,4.1,4,3358,3648,2007,3,Creekside Villas/Memorial
1933 Ridgemore Drive,77055,77007/77055,Expensive,1160000,1175000,1160000,4.1,4,3633,7995,2025,7,Ridgecrest Sec 01
1905 Norcrest Drive,77055,77007/77055,Expensive,1159000,1139000,1159000,4.1,5,3795,8125,2025,185,Ridgecrest
732 Allston Street,77007,77007/77055,Expensive,1157500,1165000,1157500,3.1,4,3000,3300,2020,16,Allston Enclave
504 Oxford Street,77007,77007/77055,Expensive,1150000,1150000,1150000,3.1,4,3189,2800,2020,7,Oxford Maisons
7535 Ciano Lane,77055,77007/77055,Expensive,1150000,1190000,1150000,4.1,4,3287,3808,2022,7,Ravenna Sub
2 Wild Oak Circle,77055,77007/77055,Expensive,1150000,1150000,1150000,3.0,4,2150,12243,1977,31,Echo Vly Sec 03
6534 Westview Drive,77055,77007/77055,Expensive,1150000,1250000,1150000,5.1,5,4061,6825,2025,107,Westview Terrace
1240 Bingle Road,77055,77007/77055,Expensive,1150000,1199000,1150000,2.1,4,2976,15271,1998,23,NOT CODED
8630 Cedarbrake Drive,77055,77007/77055,Expensive,1150000,1199900,1150000,2.0,3,2056,16020,1966,47,Magnolia Valley
34 Windsor Court,77055,77007/77055,Expensive,1143320,1098000,1143320,3.2,4,4301,5497,2008,6,Windsor Court
6619 Minola Street,77007,77007/77055,Expensive,1140000,1150000,1140000,3.1,3,3234,2550,2015,127,Camp Logan
1523 Cunningham Parc Lane,77055,77007/77055,Expensive,1140000,1165000,1140000,4.1,5,4078,2912,2016,415,Parc Cunningham
1918 Ridgecrest Drive,77055,77007/77055,Expensive,1140000,1149000,1140000,4.1,5,3930,9191,2026,180,Ridgecrest
1327 Hunters Meadow Lane,77055,77007/77055,Expensive,1130000,1145000,1130000,3.1,3,4021,3646,2018,14,Clay Estate Pt Rep #4
7913 Turquoise Lane,77055,77007/77055,Expensive,1129492,1139000,1129492,4.1,5,3800,7630,2025,236,Ridgecrest
3604 Dorset Cliff Lane,77055,77007/77055,Expensive,1120000,1145000,1120000,4.1,5,4214,2475,2023,82,Somerset Green Sec 7
7543 Ciano Lane,77055,77007/77055,Expensive,1117000,1115000,1117000,4.0,4,3161,2529,2025,84,Ravenna
1706 Cranway Drive,77055,77007/77055,Expensive,1110000,980000,1110000,2.0,4,2560,11400,1956,4,Springwood
711 Tulane Street,77007,77007/77055,Expensive,1100000,999950,1100000,2.1,3,2250,3300,2017,1,Tulane Trails
815B Lawrence Street,77007,77007/77055,Expensive,1100000,1149990,1100000,4.0,4,3009,3300,2026,144,Harding Heights
6505 Taggart Street Unit#A,77007,77007/77055,Expensive,1100000,1100000,1100000,4.1,3,2926,2724,2014,9,Taggart Ave Gardens
840 Alexander Street,77007,77007/77055,Expensive,1100000,1250000,1100000,2.1,3,2690,6160,2007,40,Harding Heights
510 E 7th Street,77007,77007/77055,Expensive,1100000,1239000,1100000,2.1,3,2987,3307,2000,94,Columbia Heights Sec 01
6030 Blossom Street,77007,77007/77055,Expensive,1100000,1150000,1100000,2.0,3,2018,6540,1947,15,Glen Cove
8306 Barberry Branch Street,77055,77007/77055,Expensive,1100000,1050000,1100000,4.1,5,4337,4121,2016,4,Village/Spg Branch
1155 Castellina Lane,77055,77007/77055,Expensive,1100000,1200000,1100000,3.1,3,3428,2735,2021,19,Ravenna Sub
7135 Janet Street,77055,77007/77055,Expensive,1100000,1100000,1100000,4.1,3,3841,2886,2017,4,Shadyvilla
18 Windsor Court,77055,77007/77055,Expensive,1100000,1149900,1100000,3.1,4,3554,5199,2010,24,Windsor Court
3608 Lannister Lane,77055,77007/77055,Expensive,1100000,1175000,1100000,4.1,4,4243,2087,2021,62,Somerset Green
6923 Shavelson Street,77055,77007/77055,Expensive,1100000,1250000,1100000,3.1,3,2497,8700,1969,70,Afton Village Sec 01
1216 Mosaico Lane,77055,77007/77055,Expensive,1090000,1123000,1090000,4.1,4,3961,1687,2014,111,Ravenna Sub
1534 Glourie Drive,77055,77007/77055,Expensive,1089000,1100000,1089000,3.0,3,2986,9872,1952,4,Glenmore Forest
719 E 6th 1/2 Street,77007,77007/77055,Expensive,1085000,1085000,1085000,3.1,3,2794,3583,2019,6,Studes Lndg
1702 Cranway Drive,77055,77007/77055,Expensive,1085000,1050000,1085000,2.0,3,1808,11400,1956,3,Springwood
31 Windsor Court,77055,77007/77055,Expensive,1085000,1100000,1085000,4.1,4,4191,3629,2009,4,Windsor Court
8911 Echo Valley Drive,77055,77007/77055,Expensive,1080000,1080000,1080000,3.0,4,2609,10000,1972,38,Echo Valley
2021 Marnel Road,77055,77007/77055,Expensive,1076500,1075000,1076500,4.1,5,3750,9272,2026,149,Ridgecrest
58 W Terrace Drive,77007,77007/77055,Expensive,1075000,1195000,1075000,3.1,3,3777,6795,1993,9,Arlington Terrace Sec 02
516 Arlington Street,77007,77007/77055,Expensive,1075000,1075000,1075000,2.1,3,2805,4371,1999,120,Esquire Heights
6413 Teluco Street,77055,77007/77055,Expensive,1075000,1100000,1075000,3.2,4,3952,8125,2024,437,Westview Terrace Sec 02
815 Lawrence Street Unit#A,77007,77007/77055,Expensive,1070000,1099000,1070000,4.1,5,3112,2400,2026,85,Harding Heights
33 N Creekside Court,77055,77007/77055,Expensive,1070000,1080000,1070000,3.1,3,3720,3648,2005,7,Creekside Villas/Memorial
8033 Ridgeview Drive,77055,77007/77055,Expensive,1069000,1069000,1069000,4.1,5,NULL,7521,2026,208,Ridgecrest Reserve A
1317 Caywood Lane,77055,77007/77055,Expensive,1065000,1100000,1065000,3.1,3,2711,9375,2013,5,Shady Villa
7504 Flowerdale Street,77055,77007/77055,Expensive,1055000,1050000,1055000,3.1,4,3768,6406,2014,5,Whispering Pines Estates Pt
862 Dunleigh Meadows Lane,77055,77007/77055,Expensive,1050000,1050000,1050000,3.1,3,3270,2001,2015,9,Somerset Green Sec 4
7715 Bryonwood Drive,77055,77007/77055,Expensive,1050000,1000000,1050000,2.0,3,NULL,12600,1953,10,Brykerwoods
8802 Cedarbrake Drive,77055,77007/77055,Expensive,1050000,1000000,1050000,2.0,3,1959,11400,1955,8,Cedarwood Sec 02
223 Malone Street,77007,77007/77055,Expensive,1045000,1089800,1045000,3.2,3,3803,2500,2018,27,Rice Military
344 Harvard Street,77007,77007/77055,Expensive,1035000,1075000,1035000,2.1,4,2434,6075,1920,41,Houston Heights
6525 Wharton Street,77055,77007/77055,Expensive,1031151,1200000,1031151,3.1,4,3733,6825,2017,101,Westview Terrace
6525 Wharton Street,77055,77007/77055,Expensive,1030000,1100000,1030000,3.1,4,3733,6825,2017,103,Westview Terrace
8913 Croes Drive,77055,77007/77055,Expensive,1030000,950000,1030000,2.0,4,1966,8834,1954,5,Spring Valley
26 Windsor Court,77055,77007/77055,Expensive,1030000,1000000,1030000,3.1,4,3693,5306,2009,5,Windsor Court
8017 Turquoise Lane,77055,77007/77055,Expensive,1025000,1025000,1025000,4.1,5,NULL,7630,2026,17,Springdale
905 Blackshire Lane,77055,77007/77055,Expensive,1020000,1036000,1020000,3.1,3,3226,1675,2025,228,Somerset Green Sec 5
8029 Longridge Drive,77055,77007/77055,Expensive,1019000,1025000,1019000,4.1,5,NULL,7811,2026,133,Ridgecrest
5334 Chandler Street,77007,77007/77055,Expensive,1010000,1050000,1010000,4.1,3,3961,2316,2017,49,Alys Park
6918 Alderney Drive,77055,77007/77055,Expensive,1010000,1085000,1010000,3.0,3,2681,8349,1955,15,Afton Village Sec 02
6429 Remlap Street,77055,77007/77055,Expensive,1010000,1074500,1010000,3.2,4,3373,8125,2014,15,Westview Terrace Sec 02
8826 Winningham Lane,77055,77007/77055,Expensive,1010000,975000,1010000,2.0,3,2172,10125,1958,5,Spring Valley
8323 Barberry Branch Street,77055,77007/77055,Expensive,1008000,1000000,1008000,4.1,5,4209,3731,2016,5,Village/Spg Branch
718 Ashland Street,77007,77007/77055,Expensive,1005000,995000,1005000,2.1,3,2214,3300,2017,17,Ashland East
724 Ashland Street,77007,77007/77055,Expensive,1005000,995000,1005000,2.1,3,2304,3300,2017,4,Tulane Trails
4709 Gibson Street,77007,77007/77055,Expensive,1002000,1049000,1002000,3.1,3,3415,2500,2025,94,Rice Military
626 E 6th 1/2 Street,77007,77007/77055,Expensive,1000016,1025000,1000016,2.1,3,2226,4910,2010,13,Jordan Place
7957 Cedel Drive,77055,77007/77055,Expensive,1000000,1000000,1000000,3.1,4,3544,7630,2021,2,Springdale Sec 02
7923 N Wellington Court,77055,77007/77055,Expensive,1000000,975000,1000000,3.1,4,3222,7527,1998,3,Wellington Court
1019 Ridgeley Drive,77055,77007/77055,Expensive,1000000,1050000,1000000,2.1,3,2714,8369,1980,8,Hilshire Village
8315 Barberry Branch Street,77055,77007/77055,Expensive,1000000,1025000,1000000,4.1,5,4256,3731,2016,3,Village/Spg Branch
7602 Bryonwood Drive,77055,77007/77055,Expensive,1000000,1050000,1000000,3.1,4,3238,12036,1969,2,Brykerwoods Sec 02
8304 Sorrel Leaf Lane,77055,77007/77055,Expensive,1000000,1049000,1000000,4.1,4,4527,5382,2016,21,Village at Spring Branch
1124 Mosaico Lane,77055,77007/77055,Expensive,1000000,1099000,1000000,3.1,3,3585,2566,2014,86,Ravenna
531 Memorial Heights Drive,77007,77007/77055,Expensive,999999,999999,999999,3.1,3,2702,1449,2025,61,Memorial Heights Villas Amd Place
803 Blackshire Lane,77055,77007/77055,Expensive,999900,999900,999900,4.1,4,3322,1517,2018,30,Somerset Green
518 Columbia Street,77007,77007/77055,Expensive,995000,995000,995000,2.0,3,1956,6600,1930,0,Houston Heights Add
8420 Moritz Walk,77055,77007/77055,Expensive,987500,995000,987500,4.1,4,4184,3566,2013,13,Moritz Park Sub
811 Herkimer Street,77007,77007/77055,Expensive,985000,990000,985000,3.1,4,2956,3969,2018,7,Houston Heights
8313 Sorrel Leaf Lane,77055,77007/77055,Expensive,985000,975000,985000,4.1,4,3540,4020,2016,4,Village/Spg Branch
7512 SHADYVILLA Lane,77055,77007/77055,Expensive,985000,999900,985000,3.1,3,2928,6650,2025,46,SHADYVILLA GREEN
7609 Janak Drive,77055,77007/77055,Expensive,980000,1049900,980000,3.1,3,3775,3199,2018,74,Melody Oak Pt Rep 15
6120 Cottage Grove Lake Drive,77007,77007/77055,Expensive,975000,975000,975000,4.1,4,3701,NULL,2026,4,Cottage Grove Lake
9143 Penn Manor CT Court,77055,77007/77055,Expensive,975000,1099000,975000,3.1,5,3382,10012,1978,72,Spring Valley
8308 Sorrel Leaf Lane Lane,77055,77007/77055,Expensive,975000,970000,975000,4.1,5,3986,3629,2016,9,Village/Spg Branch
7506 Viano Lane,77055,77007/77055,Expensive,975000,975000,975000,4.1,4,3052,1344,2026,257,Ravenna
6126 Cottage Grove Lake Drive,77007,77007/77055,Expensive,966000,966000,966000,4.1,4,3994,NULL,2025,5,Cottage Grove Lake
7510 Viano Lane,77055,77007/77055,Expensive,965000,965000,965000,4.1,4,3030,1368,2025,12,Ravenna
7519 Cuadro Lane,77055,77007/77055,Expensive,965000,965000,965000,4.1,4,3050,1368,2025,0,Ravenna Sub Amd #1
7111 Hartland Avenue,77055,77007/77055,Expensive,960000,880000,960000,2.0,4,2195,8969,1956,4,Afton Village
6525 Schiller Street,77055,77007/77055,Expensive,960000,960000,960000,3.1,4,3186,8255,2014,41,Westview Terrace
6122 Cottage Grove Lake Drive,77007,77007/77055,Expensive,953879,940000,953879,4.1,4,3614,NULL,2026,2,Cottage Grove Lake
8325 Barberry Branch Street,77055,77007/77055,Expensive,952500,960000,952500,4.1,5,4256,3731,2017,116,Village/Spg Branch
6114 Truro Street,77007,77007/77055,Expensive,950000,1100000,950000,2.1,4,3915,5600,2001,182,Adam Clay Sec 02
1825 Huge Oaks Street,77055,77007/77055,Expensive,950000,985000,950000,4.1,4,3213,6760,2026,96,Glenview Sec 02
6814 Hartland Avenue,77055,77007/77055,Expensive,950000,989000,950000,4.0,4,3924,3450,2024,0,Lugary Place Partial Replat #1
7527 Cuadro Lane,77055,77007/77055,Expensive,950000,950000,950000,3.1,3,3052,1368,2025,51,Ravenna Sub Amd #1
8421 Moritz Green,77055,77007/77055,Expensive,950000,990000,950000,4.1,5,3495,3566,2013,32,Moritz Park Sub
1545 Bracher Street,77055,77007/77055,Expensive,949000,949000,949000,2.0,3,2220,11550,1956,1,Springwood
7215 Northampton Way,77055,77007/77055,Expensive,948900,850000,948900,2.0,3,2175,8400,1959,3,Afton Village Sec 01
1335 Modiste Street,77055,77007/77055,Expensive,947000,979000,947000,2.0,3,NULL,10400,1953,12,Spring Oaks
7211 Alderney Drive,77055,77007/77055,Expensive,945000,969000,945000,2.1,4,2159,8424,1955,2,Afton Village Sec 02
5709 FEAGAN Street,77007,77007/77055,Expensive,940000,974900,940000,3.1,4,3051,2325,2026,88,Rice Military Addition
6114 Cottage Grove Lake Drive,77007,77007/77055,Expensive,940000,965000,940000,4.1,4,3840,NULL,2025,140,Cottage Grove Lake
1441 Bingle Road,77055,77007/77055,Expensive,940000,975000,940000,2.0,4,2136,25201,1980,595,Pursell-Randolph Estates
1542 Moritz Park,77055,77007/77055,Expensive,938500,989000,938500,4.1,5,3867,3507,2013,14,Moritz Park Sub
814 Nicholson Street,77007,77007/77055,Expensive,935000,949500,935000,2.1,3,2734,5412,2006,295,Houston Heights
8413 Moritz Green,77055,77007/77055,Expensive,935000,940000,935000,4.1,4,3868,3518,2013,76,Moritz Park
1706 Cornelius Trace Loop Loop,77055,77007/77055,Expensive,935000,949900,935000,4.1,5,3887,3920,2018,4,Springwood Manor
854 Dunleigh Meadows Lane,77055,77007/77055,Expensive,930500,972500,930500,3.1,3,3686,1720,2017,131,Somerset Green Sec 4
3116 Somerset Levens Lane,77055,77007/77055,Expensive,930000,949900,930000,4.0,5,3007,3573,2023,108,Somerset Green Sec 9
7526 Viano Lane,77055,77007/77055,Expensive,926000,925000,926000,3.1,3,3005,1344,2023,429,Ravenna Sub Amd #1
307 E 8th Street,77007,77007/77055,Expensive,925000,935000,925000,2.0,3,1957,5000,1920,26,Houston Heights
323 MALONE Street,77007,77007/77055,Expensive,925000,989900,925000,3.1,4,3002,2500,2026,230,RICE MILITARY
8623 Cedarbrake Drive,77055,77007/77055,Expensive,925000,950000,925000,2.0,3,1922,10220,1966,0,Magnolia Valley
7926 S Wellington Court,77055,77007/77055,Expensive,920000,920000,920000,2.1,4,3024,6271,1994,4,Wellington Court
809 Memorial Heights Drive,77007,77007/77055,Expensive,915000,949999,915000,3.1,3,3069,1461,2023,114,Memorial Heights Villas
707 Tulane Street,77007,77007/77055,Expensive,915000,999975,915000,2.1,3,2306,3300,2017,13,Tulane West
5007 Dickson Street,77007,77007/77055,Expensive,915000,975000,915000,3.2,3,3826,2300,2010,32,Brunner / Rice Military
6124 Cottage Grove Lake Drive,77007,77007/77055,Expensive,914500,915000,914500,4.1,4,3362,3579,2025,1,Cottage Grove Lake
6520 Rodrigo Street,77007,77007/77055,Expensive,905000,925000,905000,3.1,4,3321,2500,2012,51,Camp Logan
860 Dunleigh Meadows Lane,77055,77007/77055,Expensive,905000,935000,905000,3.1,3,3268,1876,2015,82,Somerset Green Sec 4
7938 S Wellington Court,77055,77007/77055,Expensive,900500,950000,900500,3.0,5,3390,8033,1994,97,Wellington Court
516 West 9th St,77007,77007/77055,Expensive,900000,900000,900000,2.2,4,3055,4400,2003,189,Greater Heights
58 E Bend Lane,77007,77007/77055,Expensive,900000,850000,900000,2.1,3,3223,5946,1995,70,Arlington Terrace Sec 02
829 Alexander Street,77007,77007/77055,Expensive,900000,910000,900000,3.1,4,2666,2494,2025,261,WEST 9TH VILLAS
8443 Westview Drive,77055,77007/77055,Expensive,900000,950000,900000,2.0,4,2010,14500,1953,3,Spring Oaks Rep
7715 Betty Jane Lane,77055,77007/77055,Expensive,900000,985000,900000,2.0,3,2257,11340,1954,5,Clay Woods
8639 Cedarbrake Drive,77055,77007/77055,Expensive,900000,1050000,900000,2.1,4,2000,13045,1966,51,Magnolia Valley
1441 Freedonia Drive,77055,77007/77055,Expensive,900000,925000,900000,3.0,3,2500,11880,1950,192,Yupon Estates
1310 Whispering Pines Drive,77055,77007/77055,Expensive,897000,959000,897000,3.1,4,3706,5727,2000,197,Whispering Pines Village
410 S Park Grove,77007,77007/77055,Expensive,895000,935000,895000,2.1,3,3208,2975,2001,10,Memorial Heights
3622 Somerset York Lane,77055,77007/77055,Expensive,890000,899999,890000,3.1,3,3043,2446,2018,79,Somerset Green Sec 6
1705 Bologna Lane,77055,77007/77055,Expensive,889000,888888,889000,3.1,4,3147,2178,2026,384,Spring Valley Creek
8715 Padua Lane,77055,77007/77055,Expensive,888000,899999,888000,4.1,4,2836,2178,2026,2,Spring Valley Creek
3107 Somerset Levens Lane,77055,77007/77055,Expensive,885000,899000,885000,3.1,4,3027,2625,2023,78,Somerset Green
5305 Gibson Street,77007,77007/77055,Expensive,883350,925000,883350,3.2,3,3696,2785,2014,28,Gibson Street Manors
6019 Truro Street,77007,77007/77055,Expensive,880000,899000,880000,3.1,4,3484,2813,2018,23,Park Rdg Truro West
705 W 9th Street,77007,77007/77055,Expensive,880000,825000,880000,3.1,3,2481,2845,2004,0,Houston Heights
806 Dunleigh Meadows Lane,77055,77007/77055,Expensive,880000,875000,880000,3.1,3,2483,1742,2021,2,Somerset Green Sec 4
7106 Alderney Drive,77055,77007/77055,Expensive,880000,765000,880000,2.0,3,2172,8307,1955,4,Afton Village Sec 02
1713 Bologna Lane,77055,77007/77055,Expensive,880000,899999,880000,3.1,4,3147,2152,2025,30,Spring Valley Creek
1525 Early Lane,77055,77007/77055,Expensive,879000,879000,879000,4.1,4,3217,3639,2015,33,Craig Woods Pt Rep 10
9713 Larston Street,77055,77007/77055,Expensive,877366,1425000,877366,4.1,4,4341,8280,2025,97,Long Point Woods Sec 03
518 S Park Grove,77007,77007/77055,Expensive,875000,885000,875000,3.1,4,3432,2819,2001,71,Memorial Heights
1156 Mosaico Lane,77055,77007/77055,Expensive,875000,890000,875000,3.1,3,3116,1814,2014,316,Ravenna Sub
1224 Mosaico Lane,77055,77007/77055,Expensive,875000,899900,875000,3.1,3,3155,2080,2015,42,Ravenna Sub
2727 Maxroy Street,77007,77007/77055,Expensive,872000,875000,872000,4.1,4,3752,2145,2020,16,Cottage Grove
7707 N Hunters Court Drive,77055,77007/77055,Expensive,871000,899000,871000,3.1,4,3172,2291,2000,18,Hunters Court
4405 Feagan,77007,77007/77055,Expensive,870000,879900,870000,4.1,4,3100,2682,2025,13,Feagan Estate
3622 Lannister Lane,77055,77007/77055,Expensive,870000,879900,870000,4.1,4,3150,2087,2019,115,Somerset Green
727 Tulane Street,77007,77007/77055,Expensive,860000,875000,860000,2.1,3,2304,3300,2018,61,Tulane West
316 E 5th Street,77007,77007/77055,Expensive,855000,879000,855000,2.1,3,2451,3167,1998,51,Heights
717 Herkimer Street Unit#A,77007,77007/77055,Expensive,855000,850000,855000,2.1,3,2753,4000,2008,17,Houston Heights
3403 Crest Hill Lane,77007,77007/77055,Expensive,851500,899000,851500,3.1,4,3530,2753,2001,60,Memorial Heights
8566 Forum Drive,77055,77007/77055,Expensive,850000,825000,850000,3.1,4,3594,4014,2014,6,Ridgecrest Sec 3
3503 Kensington Gardens Lane,77055,77007/77055,Expensive,850000,880000,850000,3.1,3,3346,5964,2022,112,Somerset Green Sec 8
1713 Reverse Street,77055,77007/77055,Expensive,850000,875000,850000,2.1,3,2403,7636,2014,83,Westview Terrace Sec 02
7703 Janak Drive,77055,77007/77055,Expensive,849000,849000,849000,3.0,4,2885,6545,2014,26,Melody Oaks Pt Rep 4
507 Leverkuhn Street,77007,77007/77055,Expensive,845000,899000,845000,3.1,3,2795,2025,2021,102,Leverkuhn Landing
7615 E Jordan Cove,77055,77007/77055,Expensive,845000,850000,845000,3.1,4,3528,3823,2001,9,Hunters Cove Rep 02
803 Dunleigh Meadows Lane,77055,77007/77055,Expensive,840000,874900,840000,3.1,3,3194,1876,2018,75,Somerset Green Sec 4
6017 Cottage Grove Lake Drive,77007,77007/77055,Expensive,837500,899000,837500,4.1,4,3211,2304,2020,12,Cottage Grove Lake
947 Blackshire Lane,77055,77007/77055,Expensive,835000,835000,835000,3.1,3,2572,1848,2025,214,Somerset Green Sec 5
3711 Somerset York Lane Lane,77055,77007/77055,Expensive,835000,835000,835000,3.1,3,2572,1848,2025,5,Somerset Green Sec 5
3603 Bridgewater Oaks Lane,77055,77007/77055,Expensive,835000,850000,835000,3.1,3,2726,2551,2021,32,Somerset Green Sec 7
3502 Dorset Cliff Lane,77055,77007/77055,Expensive,835000,850000,835000,3.1,3,2801,3872,2021,210,Somerset Green
2006 N Memorial Way,77007,77007/77055,Expensive,830000,850000,830000,3.1,3,2883,2600,2013,3,Bercons N Memorial Way Estates
1319 Hunters Meadow Lane,77055,77007/77055,Expensive,830000,910000,830000,3.1,3,3045,2178,2019,25,Hunter's Meadow
1314 Hunters Meadow Lane,77055,77007/77055,Expensive,829000,829000,829000,3.1,3,3290,1577,2019,8,Clay Estate Pt Rep #4
613 Jackson Hill Street Unit#A,77007,77007/77055,Expensive,825525,849000,825525,3.1,3,3115,2475,2018,9,Martin Pt Rep #3
405 Detering Street,77007,77007/77055,Expensive,825000,859900,825000,3.2,3,3056,1585,2020,110,Feagan Detering Xing
729 E 9th Street,77007,77007/77055,Expensive,825000,850000,825000,3.0,4,2144,6250,1925,255,Stude Sec 02
4403 Feagan,77007,77007/77055,Expensive,825000,859900,825000,4.1,4,3100,2682,2025,312,Feagan Estate
1810 Kane Street,77007,77007/77055,Middle,825000,825000,825000,2.1,4,2050,5000,1890,87,Old Sixth Ward / Washington Corridor
3709 Somerset York Lane,77055,77007/77055,Middle,825000,825000,825000,3.1,4,2410,1848,2026,0,Somerset Green
1711 Bologna Lane,77055,77007/77055,Middle,825000,859999,825000,4.1,4,2836,2178,2026,336,Spring Valley Creek
2010 Lubbock Street,77007,77007/77055,Middle,824000,840000,824000,2.1,4,2380,5000,1890,41,Baker W R Nsbb
4032 Blossom Street,77007,77007/77055,Middle,819700,819700,819700,3.1,3,2456,1555,2026,92,Rice Military
1724 Maravilla Drive,77055,77007/77055,Middle,817000,886000,817000,3.1,3,3149,3981,2016,122,Maravilla Court
1550 Whispering Pines Drive,77055,77007/77055,Middle,815000,825000,815000,3.2,3,3365,3395,2015,9,Grace Cove
2704 Maxroy Drive,77007,77007/77055,Middle,810000,805000,810000,4.1,4,2988,NULL,2026,65,Cottage Grove Lake Phase 2
5627 Rose Street,77007,77007/77055,Middle,810000,799000,810000,3.1,3,2873,2550,2011,21,Rose Vista
3507 Eaton Estates Lane,77055,77007/77055,Middle,810000,835000,810000,3.1,3,2593,1848,2025,347,Somerset Green Sec 7
7714 Janak Drive,77055,77007/77055,Middle,810000,829900,810000,3.1,4,2926,6038,2015,103,Melody Oaks Pt Rep 11
1214 Malone Street,77007,77007/77055,Middle,805000,819500,805000,2.2,3,2734,2875,2010,9,Woodcrest
7119 Janet Street,77055,77007/77055,Middle,805000,805000,805000,3.1,3,3324,3334,2017,111,Afton Village Estate
2730 Maxroy Drive,77007,77007/77055,Middle,800000,800000,800000,3.1,3,2876,NULL,2026,9,Cottage Grove Lake Phase 2
6526 Pickens Street,77007,77007/77055,Middle,800000,859000,800000,3.1,3,2887,2625,2011,204,Bercons Pickens Trls
5207 Calle Montilla Place,77007,77007/77055,Middle,800000,850000,800000,3.1,4,3441,1884,2007,764,Caceres
1324 Bingle Road,77055,77007/77055,Middle,800000,849000,800000,2.0,3,2148,9000,1953,296,Spring Oaks
821 Dunleigh Meadows Lane,77055,77007/77055,Middle,800000,890000,800000,3.1,3,4067,1876,2016,105,Somerset Green
4229 Gibson Street,77007,77007/77055,Middle,799000,799000,799000,3.1,3,2432,2304,2025,180,Rice Military
5622 Cohn Meadow Lane,77007,77007/77055,Middle,799000,799000,799000,3.1,4,3559,2580,2016,51,Cottage Grove
4231 Gibson Street,77007,77007/77055,Middle,799000,799000,799000,3.1,3,2432,2304,2025,17,Rice Military
8515 S Rose Terrace Lane,77055,77007/77055,Middle,799000,799000,799000,3.1,4,3131,3464,2016,44,Spring Vly Cove
7741 Janak Drive,77055,77007/77055,Middle,799000,825000,799000,3.1,3,3378,3493,2017,95,Melody Oaks Reserve C Pt
8560 Forum Drive,77055,77007/77055,Middle,795000,749000,795000,2.1,4,3160,3441,2015,1,Ridgecrest Sec 3 Pt Rep 1
1706 Sedola Lane,77055,77007/77055,Middle,795000,804999,795000,3.1,4,2870,2146,2025,223,Spring Valley Creek
6603 Wanita Place Unit#A,77007,77007/77055,Middle,790000,799000,790000,3.1,3,3163,2033,2001,223,Wanita Court
1308 Dart Street,77007,77007/77055,Middle,790000,799950,790000,3.1,4,4606,5000,2001,205,Baker Nsbb
8316 Barberry Branch Street,77055,77007/77055,Middle,790000,799000,790000,4.1,4,2631,2407,2016,7,Retreat/Sherwood
1303 Bobbitt Manor Lane,77055,77007/77055,Middle,789900,799900,789900,3.1,3,3283,2963,2012,4,Clay Estate Pt Rep 01
1308 Edwards Unit#B,77007,77007/77055,Middle,789000,799900,789000,4.1,4,2840,2450,2025,0,Edwards Heights
805 Birdsall Street,77007,77007/77055,Middle,785000,789000,785000,3.1,3,3283,2283,2018,92,Rice Military
1608 Janak Garden Lane,77055,77007/77055,Middle,785000,799000,785000,4.1,4,3296,2083,2025,0,Melody Oaks
1311 Bobbitt Manor Lane,77055,77007/77055,Middle,785000,795000,785000,3.1,3,3442,2501,2012,6,Clay Estate Pt Rep 01
3509 Bridgewater Oaks Lane,77055,77007/77055,Middle,781000,800000,781000,2.1,3,2363,2562,2021,106,Somerset Green
542 Oxford Street,77007,77007/77055,Middle,779000,779000,779000,3.1,3,2592,2417,2013,6,Connors Trail Amd 1 Re
806 Waverly Street,77007,77007/77055,Middle,777000,850000,777000,2.1,3,2429,4399,1999,200,Houston Heights
839 Dunleigh Meadows Lane,77055,77007/77055,Middle,775000,779990,775000,4.1,3,3142,1569,2016,97,Somerset Green Sec 4
8213 Cabernet Lane,77055,77007/77055,Middle,775000,799000,775000,3.1,5,3019,2751,2013,45,Lynnview Manor Sub
6915 Northampton Way,77055,77007/77055,Middle,775000,725000,775000,2.0,3,2285,8355,1955,4,Afton Village
216 Malone Street,77007,77007/77055,Middle,773000,789900,773000,3.1,4,2956,2875,2008,19,Rice Military
6003 Matthew Oaks Place,77007,77007/77055,Middle,773000,779000,773000,3.1,3,3042,2973,2019,97,COTTAGE GROVE LAKE
5117 Schuler Street Unit#B,77007,77007/77055,Middle,771250,799000,771250,4.1,5,3353,2500,2025,170,BRUNNER
5336 Inker Street,77007,77007/77055,Middle,770000,780000,770000,3.1,4,3179,2688,2009,2,Cottage Grove Sec 01
1610 Johanna Drive,77055,77007/77055,Middle,770000,795000,770000,3.1,3,3324,4100,2015,354,Melody Oaks
6006 Cottage Grove Lake Drive,77007,77007/77055,Middle,769000,759900,769000,3.1,3,2784,3841,2021,48,Cottage Grove Lake
3708 Somerset York Lane,77055,77007/77055,Middle,767500,799000,767500,3.1,3,2900,2519,2018,11,Somerset Green
836 Allston Street,77007,77007/77055,Middle,765000,825000,765000,2.0,3,2160,6600,1920,166,Houston Heights
7835 Bobbitt Lane,77055,77007/77055,Middle,765000,799000,765000,3.1,3,3560,2616,2011,20,Bobbitt Heights Rep 1
1506 Mcdonald Street,77007,77007/77055,Middle,762000,789500,762000,3.1,3,2650,1885,2025,113,Estates At Tyne Street
421 Cortlandt Street Unit#C,77007,77007/77055,Middle,761000,749950,761000,2.1,3,2166,3300,1999,4,Houston Heights
5301 Blossom Street,77007,77007/77055,Middle,760000,749000,760000,2.1,3,2157,4600,1998,4,Settegast & Dodge
1938 Pech Road,77055,77007/77055,Middle,760000,799900,760000,4.0,5,2783,7995,2015,95,Ridgecrest
1512 Johanna Drive,77055,77007/77055,Middle,760000,799000,760000,3.1,3,3439,4476,2019,210,Craig Woods
606 Allston Street,77007,77007/77055,Middle,750000,785000,750000,2.1,3,2584,3300,2018,15,Houston Heights
1403 Summer Street,77007,77007/77055,Middle,750000,799000,750000,2.0,6,824,10000,1965,0,Shearn
1500 Auline Lane Unit#C,77055,77007/77055,Middle,750000,750000,750000,3.1,3,3283,3836,2020,30,Herzog Pt Rep #1
1606 Janak Garden Lane,77055,77007/77055,Middle,750000,769000,750000,4.1,4,3546,1640,2025,0,Melody Oaks
755 Somerset Commons Lane,77055,77007/77055,Middle,750000,750000,750000,3.1,3,2596,1750,2015,25,Somerset Green Sec 2
1308 Edwards Unit#A,77007,77007/77055,Middle,749900,749900,749900,4.1,4,2840,2550,2025,261,Edwards Heights
1522 Knox Street,77007,77007/77055,Middle,745000,750000,745000,3.1,3,3278,2800,2013,26,Rice Military Woodcrest
717 Lester Street,77007,77007/77055,Middle,745000,749990,745000,3.1,3,2507,2594,2022,8,Rice Military T/H (N of Blossom)
612 Reinicke Street,77007,77007/77055,Middle,740000,745000,740000,3.1,3,2612,2000,2016,30,Rice Military
6402 Rodrigo Street,77007,77007/77055,Middle,740000,750000,740000,1.0,2,1302,3500,1940,27,Camp Logan
1419 W Hilshire Park Drive,77055,77007/77055,Middle,740000,750000,740000,3.1,3,3114,3000,2001,43,Spring Branch
1712 Sedola Lane,77055,77007/77055,Middle,739000,749000,739000,3.1,3,2392,1716,2026,2,Spring Vly Crk
5334 Inker Street,77007,77007/77055,Middle,735000,780000,735000,3.1,4,3179,2688,2009,85,Cottage Grove
966 Dunleigh Meadows Lane,77055,77007/77055,Middle,735000,740000,735000,3.1,4,2595,1675,2023,72,Somerset Green Sec 5
611 Hartman Street,77007,77007/77055,Middle,732000,750000,732000,2.1,3,2274,2373,2016,16,Hollingsworth Sub
7120 Gary Street Unit#B,77055,77007/77055,Middle,730000,735000,730000,3.1,3,2719,2237,2024,54,Shadyvilla
7718 S Hunters Court Drive,77055,77007/77055,Middle,729900,739900,729900,2.1,3,2806,2298,2000,2,Hunters Court
3507 Ridgeway Valley Lane,77055,77007/77055,Middle,729000,749000,729000,3.1,3,2458,2277,2019,62,Somerset Green
3409 Ridgeway Valley Lane,77055,77007/77055,Middle,727000,735000,727000,3.1,3,2458,2383,2020,98,Somerset Green Sec 7
7738 Betty Jane Lane,77055,77007/77055,Middle,725500,750000,725500,2.1,3,2109,5525,1979,6,Clay Woods
537 Columbia Street,77007,77007/77055,Middle,725000,750000,725000,2.0,3,1700,6600,1920,75,Houston Heights
4611 Rose Street,77007,77007/77055,Middle,725000,740000,725000,3.1,4,3177,2500,2013,141,Rose Street Terrace
7003 Blandford Lane,77055,77007/77055,Middle,725000,725000,725000,2.0,3,2149,8137,1975,3,Afton Village
6015 Post Oak Green Lane,77055,77007/77055,Middle,725000,735000,725000,3.1,4,3562,1849,2008,85,North Post Oak Estates
8903 Echo Valley Drive,77055,77007/77055,Middle,725000,699900,725000,2.1,4,2548,10620,1972,6,Echo Valley
8706 Strongoak Lane,77055,77007/77055,Middle,725000,750000,725000,3.1,4,2995,2765,2018,299,Enclave at Valley Oaks
1819 Decatur Street,77007,77007/77055,Middle,720000,695000,720000,2.1,3,1736,5000,1890,5,Baker W R Nsbb
735 E 8th 1/2 Street,77007,77007/77055,Middle,720000,750000,720000,3.0,5,1456,6250,1920,68,Stude Sec 02
731 E 8th 1/2 Street,77007,77007/77055,Middle,720000,750000,720000,1.1,2,1422,6250,1950,68,Stude Sec 02
6011 Maxie Street,77007,77007/77055,Middle,719900,719900,719900,2.1,3,2469,2813,2026,20,Maxie Landing
6009 Maxie Street,77007,77007/77055,Middle,719900,719900,719900,2.1,3,2469,2813,2026,31,Maxie Landing
216 W 9th Street,77007,77007/77055,Middle,715000,799000,715000,2.1,3,2267,6600,1930,71,Houston Heights
9223 Rangely Drive,77055,77007/77055,Middle,715000,719000,715000,2.0,3,2471,11319,1960,2,Western Oaks
8605 Concord Trace,77055,77007/77055,Middle,715000,725000,715000,3.1,3,2845,3278,2017,6,Sanctuary/Vly Oaks
7120 Gary Street Unit#A,77055,77007/77055,Middle,715000,730000,715000,3.1,3,2719,2237,2025,124,Shadyvilla
7819 Edgeway Drive,77055,77007/77055,Middle,715000,849000,715000,3.0,4,2207,13129,1959,531,Brykerwoods
510 Parker Street,77007,77007/77055,Middle,714900,724900,714900,2.1,3,2409,2600,2025,104,Garden Home on Blossom
550 Oxford Street,77007,77007/77055,Middle,714000,745000,714000,3.1,3,2534,3257,2013,207,Connors Trail Amd #1 R
1661 Bingle Road,77055,77007/77055,Middle,712500,729900,712500,3.1,3,2996,3520,2019,114,Retreat/Bingle Sec Amd Place
6552 Schuler Street,77007,77007/77055,Middle,710000,746000,710000,2.1,4,2754,2165,1996,6,Camp Logan Add 01
6009 Tyne Street Unit#B,77007,77007/77055,Middle,710000,710000,710000,2.1,3,2469,2812,2025,0,Tyne Street Place
6020 Truro Street,77007,77007/77055,Middle,710000,710000,710000,2.1,3,2469,2812,2025,0,EMMAS PLACE
6018 Truro Street,77007,77007/77055,Middle,710000,710000,710000,2.1,3,2469,2812,2025,34,WOODCREST
6529 Rolla Street,77055,77007/77055,Middle,710000,749000,710000,3.1,3,2132,8960,1948,40,Westview Terrace
6009 Tyne St Unit#A,77007,77007/77055,Middle,703000,710000,703000,2.1,3,2469,2812,2025,59,Tyne Street Place
1724 Leilani Drive,77055,77007/77055,Middle,703000,720000,703000,3.1,4,3211,2622,2022,56,Retreat At Westview Terrace
1739 Ojeman Point Lane,77055,77007/77055,Middle,700000,700000,700000,3.1,4,2906,2588,2020,37,Spring Valley Point
7706 Janak Drive Unit#C,77055,77007/77055,Middle,700000,755000,700000,3.1,4,3390,4015,2018,201,Melody Oaks Pt Rep #20
1818 Decatur Street,77007,77007/77055,Middle,695000,700000,695000,3.0,3,2199,5000,1890,252,BAKER W R NSBB
4524 Rose,77007,77007/77055,Middle,695000,695000,590000,4.0,3,2618,0,2002,181,Emberg Place
7222 Hartland Avenue,77055,77007/77055,Middle,695000,725000,695000,2.0,3,2585,9923,1955,378,Afton Village Sec 01
5410C Nolda Street,77007,77007/77055,Middle,692000,699900,692000,3.1,3,2346,2687,2025,68,Cottage Grove
6114 Hamman Street,77007,77007/77055,Middle,690000,700000,690000,2.1,3,2376,2600,2023,7,Hamman Green
5607 Cohn Meadows,77007,77007/77055,Middle,690000,699900,690000,3.1,3,3162,2580,2013,6,Cottage Grove Sec 8
303 Birdsall Street Unit#A,77007,77007/77055,Middle,690000,715000,690000,3.1,3,2985,2500,2005,25,Rice Military
818 Knox Street,77007,77007/77055,Middle,690000,700000,690000,3.1,3,2904,2188,2018,232,Knox Grove
1745 Ojeman Point Lane,77055,77007/77055,Middle,690000,699000,690000,2.2,4,2956,2588,2021,76,Spring Valley Point
1707 Bologna Lane,77055,77007/77055,Middle,690000,699999,690000,3.1,3,2392,1996,2025,0,Spring Vly Crk
5412 Nolda Street,77007,77007/77055,Middle,689900,689900,689900,3.1,3,2346,2687,2026,1,Cottage Grove
4318A O'Reilly Street,77007,77007/77055,Middle,688350,699000,688350,3.1,3,3062,2500,2013,3,Tricon s O Reilly
1607 W Rose Terrace Lane,77055,77007/77055,Middle,688000,699000,688000,3.1,4,2795,2158,2017,174,Spring Vly Cove
7907 N Wellington Court,77055,77007/77055,Middle,688000,699000,688000,2.0,3,1937,7555,1998,5,Wellington Court
1717 Lindsey Ridge Drive,77055,77007/77055,Middle,687500,719900,687500,3.1,4,3320,2622,2021,82,Retreat/Westview Terrace
1407 B Malone Street,77007,77007/77055,Middle,686000,689000,686000,2.1,3,2469,2500,2026,19,Woodcrest
118 Reinerman Street,77007,77007/77055,Middle,685000,699000,685000,3.1,3,2752,1677,2020,430,Reinerman Oaks
4410 Floyd Street Unit#B,77007,77007/77055,Middle,685000,699000,685000,3.1,3,3142,2500,2016,204,Tricon Floyd Villas
508 Parker Street,77007,77007/77055,Middle,684900,684900,684900,2.1,3,2401,2400,2025,44,Garden Home on Blossom
1407 A Malone Street,77007,77007/77055,Middle,682000,689000,682000,2.1,3,2469,2500,2026,13,Woodcrest
5108 Eigel Street,77007,77007/77055,Middle,680000,675000,680000,3.1,3,2547,2500,2025,153,Roy Crossing
7603 Janak Spring Street,77055,77007/77055,Middle,680000,685000,680000,3.1,3,2543,2349,2025,249,Melody Oaks
4309 B Dickson Street Street,77007,77007/77055,Middle,679000,679000,679000,2.1,3,2365,2501,2025,29,Rice Military
8201 Cabernet Lane,77055,77007/77055,Middle,679000,685000,679000,2.1,4,3065,3133,2013,2,Lynnview Manor Amd 1
1503-A Caywood Lane,77055,77007/77055,Middle,678731,675000,678731,2.1,3,2344,4073,2025,6,Spring Branch
5409 Nolda Street,77007,77007/77055,Middle,678066,649900,678066,2.1,3,2532,2500,2026,95,Cottage Grove
701 Asbury Street,77007,77007/77055,Middle,676000,685000,676000,3.1,3,2212,2500,2001,97,Rice Military
5416 Nolda Street,77007,77007/77055,Middle,675500,679500,675500,3.1,3,2346,2687,2026,12,Cottage Grove
1518 Houston Avenue,77007,77007/77055,Middle,675000,675000,675000,3.1,4,2868,2254,2024,752,Washington Avenue / Downtown
811 Malone Street,77007,77007/77055,Middle,675000,693000,675000,2.1,3,2576,2500,2022,59,Rice Military
710 Knox Street,77007,77007/77055,Middle,675000,707000,675000,3.1,3,2882,2800,2005,140,Rice Military Amd
1720 Sedola Lane,77055,77007/77055,Middle,675000,689999,675000,3.1,3,2392,1716,2026,500,Spring Vly Crk
1507 Jacquelyn Drive,77055,77007/77055,Middle,675000,750000,675000,2.0,4,2112,9660,1964,49,Craig Woods
7606 Janak Spring Street,77055,77007/77055,Middle,675000,675000,675000,3.1,3,2543,2349,2025,27,Melody Oaks
6110 B Tyne Street,77007,77007/77055,Middle,674900,674900,674900,2.1,3,2543,NULL,2025,92,Tyne Townhomes
5213 Rose Street,77007,77007/77055,Middle,674000,700000,674000,2.1,3,2540,3135,2018,255,Rice Military
5414 Nolda Street,77007,77007/77055,Middle,674000,689900,674000,3.1,3,2346,2687,2025,52,Cottage Grove
509 Malone Street,77007,77007/77055,Middle,670000,680000,670000,2.1,3,2626,2500,2012,68,Rice Military
5209 Gibson Street Unit#A,77007,77007/77055,Middle,670000,650000,670000,3.1,3,2688,2485,2011,17,Gibson Gardens
1614 Ojeman Road Unit#A,77055,77007/77055,Middle,670000,679000,670000,4.0,4,2442,NULL,2025,86,Ojeman Heights
7604 Janak Spring Street,77055,77007/77055,Middle,670000,675000,670000,3.1,3,2543,2349,2025,112,Melody Oaks
5410A Nolda Street,77007,77007/77055,Middle,669900,669900,669900,3.1,3,2346,2687,2025,100,Cottage Grove
1422 Caywood Lane Unit#A,77055,77007/77055,Middle,667500,667500,667500,3.1,4,2729,3086,2025,66,Caywood Place
8705 Ojeman Oaks Lane,77055,77007/77055,Middle,666000,684000,666000,3.1,4,2842,NULL,2022,31,Spring Valley Point
1721 Utah Street Unit#A,77007,77007/77055,Middle,665000,679900,665000,4.1,4,2626,1429,2017,24,Utah Street Grove
4307 B Dickson Street,77007,77007/77055,Middle,665000,679000,665000,2.1,3,2365,2501,2025,354,Rice Military
5410 Nolda Street Unit#B,77007,77007/77055,Middle,665000,699900,665000,3.1,3,2489,2687,2025,21,Cottage Grove
2718 Maxroy Street,77007,77007/77055,Middle,665000,665000,665000,3.1,3,2536,NULL,2026,3,Cottage Grove Lake Phase 2
2716 Maxroy Street,77007,77007/77055,Middle,665000,665000,665000,3.1,3,2544,NULL,2026,2,Cottage Grove Lake Phase 2
240 Asbury Street,77007,77007/77055,Middle,665000,699995,665000,2.0,3,1908,5000,1992,8,Rice Military
1504 Malone Street,77007,77007/77055,Middle,660000,670000,660000,2.1,3,2530,2875,2019,7,Woodcrest
8609 Concord Trace,77055,77007/77055,Middle,660000,715000,660000,3.1,4,2644,3224,2017,29,Sanctuary at Valley Oaks
7110 Gary Street,77055,77007/77055,Middle,660000,689000,660000,2.1,3,3114,6597,1996,44,Afton Parc
1521 Baggett Lane,77055,77007/77055,Middle,660000,665000,660000,3.1,3,2537,3984,2022,24,Craig Woods
6048 Post Oak Green Lane,77055,77007/77055,Middle,660000,699000,660000,3.1,3,3489,2140,2011,58,North Post Oak Estates Amend
6132 Cottage Grove Lake Drive,77007,77007/77055,Middle,659900,669000,659900,3.1,3,2672,4464,2025,26,Cottage Grove Lake
106 Arnold Street,77007,77007/77055,Middle,658000,699900,658000,3.1,3,2324,2500,2010,149,Bercons Arnold Street Enclave
604 Knox Street,77007,77007/77055,Middle,657500,629999,657500,3.1,3,2466,1708,2012,7,Rice Military
4317 Blossom Street Unit#B,77007,77007/77055,Middle,657000,668000,657000,3.1,3,2405,2500,2005,16,Waterhill Homes/Blossom Sec 03
2709 Kinsley Oaks Drive,77007,77007/77055,Middle,656500,674900,656500,3.1,3,2441,1675,2019,4,Cottage Grove Lake
1308 Malone Street,77007,77007/77055,Middle,655000,675000,655000,2.1,3,2576,2815,2018,50,Rice Military Woodcrest
1708 Sedola Lane,77055,77007/77055,Middle,655000,655000,655000,3.1,3,2200,1901,2026,136,Spring Valley Creek
7408 Shadyvilla Lane Unit#A,77055,77007/77055,Middle,655000,680000,655000,3.1,3,3212,2340,2015,566,Shadyvilla Place
1653 Bingle Road,77055,77007/77055,Middle,655000,669000,655000,3.1,3,2856,3937,2024,1049,Retreat/Bingle Sec Amd Place
3724 Somerset York Lane,77055,77007/77055,Middle,653412,699000,653412,2.1,3,2180,2254,2021,64,Somerset Green
1503-B Caywood Lane,77055,77007/77055,Middle,650210,675000,650210,2.1,3,2344,3451,2025,66,Spring Branch
4331 O'Reilly Street,77007,77007/77055,Middle,650000,650000,650000,3.1,3,2461,1832,2003,16,O Reilly Court Amd
5203 Lillian Street,77007,77007/77055,Middle,650000,674000,650000,3.1,3,2437,2494,2004,20,Waterhill Homes/Lillian Sec 03
519 Threlkeld Street,77007,77007/77055,Middle,650000,675000,650000,2.0,3,2217,4758,2003,94,Threlkeld Point
4303 Blossom Street,77007,77007/77055,Middle,650000,655000,650000,3.1,3,2557,2777,2004,202,Rice Military
1509 Colorado Street,77007,77007/77055,Middle,650000,650000,650000,3.1,3,2780,1591,2013,258,Modern Sawyer Heights
5407 Feagan Street Unit#B,77007,77007/77055,Middle,650000,675000,650000,3.2,3,3008,2253,2010,145,Park Villas/Feagan
1418 Caywood Lane Unit#B,77055,77007/77055,Middle,650000,660000,650000,3.1,4,2729,3086,2025,104,Caywood Place
1328 Bingle Road,77055,77007/77055,Middle,650000,645000,650000,2.0,3,1857,9000,1953,8,Spring Oaks Sec 02
1747 Ojeman Point Lane,77055,77007/77055,Middle,650000,652000,650000,2.1,3,2414,2363,2022,14,Spring Vly Point
3722 Somerset York Lane,77055,77007/77055,Middle,650000,665000,650000,2.1,3,2120,2254,2019,96,Somerset Green Sec 6
1035 Wirt Road,77055,77007/77055,Middle,650000,699000,650000,2.1,3,2141,8065,1979,105,Hilshire Woods
1614 Ojeman Road Unit#J,77055,77007/77055,Middle,649000,649000,649000,4.0,4,2442,NULL,2025,72,Ojeman Heights
8703 Ojeman Villas Drive,77055,77007/77055,Middle,649000,649000,649000,3.1,3,2226,NULL,2024,217,MEMORIAL LUXURY VILLAS
9214 Rangely Drive,77055,77007/77055,Middle,645000,648000,645000,2.0,3,2094,12125,1958,3,Western Oaks
609 Rutland Street Unit#A,77007,77007/77055,Middle,643350,675000,643350,3.1,3,2304,2100,2015,0,Rutland Park Add Pt Rep 3
1719 Crockett Street,77007,77007/77055,Middle,641000,675000,641000,2.0,3,1392,5900,1930,39,Baker Nsbb
7515 Woodridge Place,77055,77007/77055,Middle,641000,615000,641000,2.0,2,2273,5866,1997,3,Woodridge Place
621 Rutland Street Unit#A,77007,77007/77055,Middle,640000,650000,640000,3.1,3,2260,1900,2013,8,Rutland Park Add Pt Rep
5426 Feagan Street,77007,77007/77055,Middle,640000,699999,640000,3.1,3,2402,2500,2007,326,Mediterranean Villas
6108 Nicholas Grove Place,77055,77007/77055,Middle,640000,699500,640000,3.1,3,2949,1797,2019,32,Alexandra Grove Sub
1704 Sedola Lane,77055,77007/77055,Middle,640000,655555,640000,3.1,3,2200,1901,2026,243,Spring Valley Creek
104 Arnold Street,77007,77007/77055,Middle,639000,675000,639000,3.1,3,2417,2500,2010,93,Bercons Driscoll Street Villas
4016 Barnes Street,77007,77007/77055,Middle,639000,695000,639000,4.1,4,3349,2045,2015,19,Keystone/Jackson Hill
5335 Larkin Street,77007,77007/77055,Middle,639000,639000,639000,2.1,3,2438,2687,2025,24,COTTAGE GROVE SEC 1
1519 Baggett Lane,77055,77007/77055,Middle,639000,670000,639000,3.1,3,2537,3984,2021,6,Craig Woods Pt Rep #5
734 Yale Street Unit#A,77007,77007/77055,Middle,635000,639900,635000,3.1,3,2688,2168,2013,1,Terraces/Yale
2712 Maxroy Street,77007,77007/77055,Middle,635000,635000,635000,3.1,3,2202,NULL,2026,0,Cottage Grove Lake
411 T C Jester Boulevard,77007,77007/77055,Middle,635000,649990,635000,3.1,3,2844,1919,2016,96,Larkin Place
706 Olive Street Unit#B,77007,77007/77055,Middle,635000,659000,635000,2.1,3,2558,2600,2019,152,Rice Military
1306 Malone Street,77007,77007/77055,Middle,635000,645000,635000,2.1,3,2662,2815,2018,64,Woodcrest
5908 Kansas Street Unit#A,77007,77007/77055,Middle,634900,639900,634900,2.1,3,2576,2688,2025,92,Cottage Grove
4309 B Dickson Street Street,77007,77007/77055,Middle,632500,645000,632500,2.1,3,2365,2501,2026,160,Rice Military
802 Detering Street,77007,77007/77055,Middle,630000,645000,630000,3.0,3,2567,1808,2020,209,Detering Park
2311 Langston Street,77007,77007/77055,Middle,630000,625000,630000,2.1,3,2615,2809,2019,30,Grace Oak Trls
4224 Gibson Street,77007,77007/77055,Middle,627500,659000,627500,4.1,4,2784,1980,2017,83,Martin Pt Rep 1
1609 Roy Street,77007,77007/77055,Middle,627000,625000,627000,3.1,3,2390,1550,2025,110,Roy Crossing
2728 Maxroy Street,77007,77007/77055,Middle,625000,625000,625000,3.1,3,2202,NULL,2026,4,Cottage Grove Lake Phase 2
4419 Feagan Street,77007,77007/77055,Middle,625000,640000,625000,2.1,3,2423,2775,2008,54,Magnolia Grove Homes
5908 B Kansas Street,77007,77007/77055,Middle,624900,624900,624900,2.1,3,2532,2688,2025,57,Cottage Grove
1108 Dart Street,77007,77007/77055,Middle,624900,624900,624900,2.1,3,2572,2500,2024,305,Townhomes at Dart
1414 Caywood Lane Unit#A,77055,77007/77055,Middle,622250,645000,622250,2.1,3,2800,4047,2019,159,Shadyvilla Add #2 Pt Repl
621 Rutland Street Unit#D,77007,77007/77055,Middle,622000,629900,622000,3.1,3,2226,1600,2013,4,Rutland Park
312 Knox Street,77007,77007/77055,Middle,622000,650000,622000,2.1,2,2408,4200,1994,9,Rice Military
311 W 6th Street,77007,77007/77055,Middle,620000,655000,620000,3.1,3,2332,2200,2014,98,Fisher Place/Rutland Park
533 Studewood Street,77007,77007/77055,Middle,620000,649000,620000,1.1,3,1274,5750,1920,309,Usener Add
7118 Shavelson Street,77055,77007/77055,Middle,620000,650000,620000,2.0,3,2206,8328,1955,6,Afton Village Sec 01
9780 Cedardale Drive,77055,77007/77055,Middle,615500,649999,615500,2.1,3,2482,8475,1959,18,Spring Branch Woods
2709 Arabelle Grove,77007,77007/77055,Middle,615000,625000,615000,3.1,4,2630,2033,2011,15,Cottage Grove Sec 08 Rep 01
5202 Chandler Street,77007,77007/77055,Middle,615000,615000,615000,2.1,3,2362,2625,2018,6,Three Trees Reserve A
2411 Detering Street,77007,77007/77055,Middle,615000,615000,615000,2.1,3,2334,2725,2017,1,Cottage Grove Amd 1
5753 Kiam,77007,77007/77055,Middle,615000,629000,615000,3.1,3,2225,2687,2024,31,Cottage Grove
816 Dorothy Street Unit#B,77007,77007/77055,Middle,615000,650000,615000,2.1,3,2304,2125,2016,17,Oak Terrace
1614 Johanna Drive Unit#C,77055,77007/77055,Middle,615000,619900,615000,3.1,3,3102,3823,2020,441,Johanna Enclave
5717 Arabelle Crest,77007,77007/77055,Middle,614000,625000,614000,4.1,3,2881,1610,2012,7,Cottage Grove
8715 Axlewood Lane,77055,77007/77055,Middle,612500,620000,612500,2.1,3,2317,2753,2019,21,Enclave/Vly Oaks
7210 Shadyvilla Lane,77055,77007/77055,Middle,612000,625000,612000,2.1,3,2345,3451,2026,201,Spring Branch
4112 Feagan Street,77007,77007/77055,Middle,610000,639000,610000,3.1,3,2259,1741,2017,164,Feagan Gibson Lndg
2011 Crockett Street,77007,77007/77055,Middle,610000,610000,610000,2.1,3,1772,3100,1930,134,Shearn
1313 Lakin Street,77007,77007/77055,Middle,610000,595000,610000,3.1,3,2540,1903,2018,155,Lakin Park Villas
1605 Roy Street,77007,77007/77055,Middle,610000,650000,610000,3.1,3,2457,1900,2025,127,Roy Crossing
1316 Malone Street,77007,77007/77055,Middle,610000,625000,610000,2.1,3,2505,2875,2018,36,Woodcrest
9130 Rangely Drive,77055,77007/77055,Middle,610000,590000,610000,2.0,3,2059,13095,1966,3,Western Oaks
1409 Oak Tree Drive,77055,77007/77055,Middle,607500,615000,607500,2.0,3,1818,11130,1952,4,Long Point Woods
1104 Dart Street,77007,77007/77055,Middle,606534,599900,606534,2.1,3,2580,2500,2024,63,Townhomes at Dart
1710 Crockett Street,77007,77007/77055,Middle,606000,600000,606000,2.0,3,1288,5000,1908,19,First Ward Arts District
815 Arlington Street,77007,77007/77055,Middle,605000,635000,605000,1.0,3,1176,6600,1920,66,Houston Heights
6623 Housman Street,77055,77007/77055,Middle,605000,624900,605000,2.0,2,1443,7500,1956,29,Westview Terrace
2 Schwab Lane,77055,77007/77055,Middle,605000,625000,605000,3.1,4,3412,2016,2004,152,Tuscan Vls/Mem Amd 1
1751 Ojeman Point Lane,77055,77007/77055,Middle,605000,620000,605000,2.1,3,2322,2624,2021,7,Spring Vly Point
2517 Detering Street,77007,77007/77055,Middle,602500,614000,602500,3.1,3,2212,1650,2024,40,Deterlng Grove
5733 Darling Street,77007,77007/77055,Middle,600000,615000,600000,3.1,3,2402,2688,2016,45,COTTAGE GROVE
8422 Oak Leaf Point Drive,77055,77007/77055,Middle,600000,625000,600000,3.1,3,2893,2444,2018,53,Reserve/Moritz Sub
9108 Campbell Court,77055,77007/77055,Middle,600000,625000,600000,3.1,4,2915,1866,2008,32,Campbell Court Amd Rep 02
5927 Cottage Grove Lake Drive,77007,77007/77055,Middle,599900,599900,599900,3.1,3,2165,2492,2026,24,Cottage Grove Lake
3095 Hicks Street,77007,77007/77055,Middle,599900,559700,599900,3.1,3,2104,NULL,2025,80,White Oak Station
2519 Radcliffe Street,77007,77007/77055,Middle,599900,599900,599900,3.1,3,2147,1881,2025,238,Kansas Square
1110 Dart Street,77007,77007/77055,Middle,599900,599900,599900,2.1,3,2532,2500,2024,337,Townhomes at Dart
5230 Darling Street,77007,77007/77055,Middle,599500,618000,599500,2.1,3,2625,2687,2020,11,Cottage Grove Sec 01
5621 Cohn Meadows Lane,77007,77007/77055,Middle,599000,599000,599000,3.1,4,2669,1999,2014,52,Cottage Grove Sec 8 Rep 1 Partia
5337 Larkin Street,77007,77007/77055,Middle,599000,599000,599000,2.1,3,2157,2687,2025,221,COTTAGE GROVE SEC 1
523 Fowler Street,77007,77007/77055,Middle,599000,599000,599000,3.1,3,2273,1900,2007,1,Fowler Place
7414 Janak Drive,77055,77007/77055,Middle,598900,589900,598900,2.1,4,2094,7200,1950,164,Pine Terrace Sec 04
5713 Rose Street Unit#C,77007,77007/77055,Middle,597500,595000,597500,3.1,3,2556,1717,2009,97,Birdroseana
4613 Maxie Street,77007,77007/77055,Middle,596000,619000,596000,2.1,3,2494,2500,2021,20,Riverway West End Heights
2019 Crockett Street,77007,77007/77055,Middle,595000,612000,595000,2.1,3,1494,4420,1930,58,Shearn Add
5218 Feagan Street Unit#F,77007,77007/77055,Middle,595000,595000,595000,3.0,3,2445,2039,2011,72,Park Villas/Rice Military Sub
9829 Pine Lake Drive,77055,77007/77055,Middle,595000,649000,595000,3.0,4,2640,9230,1960,38,Spring Branch Woods Sec 01
512 Jackson Hill Street,77007,77007/77055,Middle,592000,594000,592000,3.1,3,2395,2615,2006,137,Aziza Hms/Jackson Hill Street
1705 Lindsey Ridge Drive,77055,77007/77055,Middle,590000,609999,590000,3.1,4,2624,2622,2020,446,Retreat/Westview Terrace
2703 Arabelle Grove,77007,77007/77055,Middle,585000,585000,585000,3.1,3,2984,2816,2012,68,Cottage Grove Sec 08 Rep 01
2518 Detering Street,77007,77007/77055,Middle,585000,595000,585000,2.0,4,1152,8062,1981,7,Cottage Grove Sec 01
1511 Crockett Street Unit#A,77007,77007/77055,Middle,585000,599000,585000,3.1,4,2991,2500,2019,193,Crockett Court
1511 Crockett Street Unit#B,77007,77007/77055,Middle,585000,599000,585000,3.1,4,3330,2500,2019,237,Sawyer Heights
1916 Shearn Street,77007,77007/77055,Middle,585000,599999,585000,2.1,3,2550,2500,2018,62,Hovas Heights
1426 Freedonia Drive,77055,77007/77055,Middle,584000,599000,584000,2.0,3,1811,11564,1956,33,Yupon Estates
2504 Langston Street,77007,77007/77055,Middle,580000,590000,580000,3.1,3,2266,1650,2021,22,Riverway on Langston
4006 Barnes Street,77007,77007/77055,Middle,579999,579999,579999,3.1,3,3129,1512,2015,37,Keystone/Jackson Hill
9222 Bronco Drive,77055,77007/77055,Middle,579370,598500,579370,2.0,3,2176,12125,1964,145,Western Oaks
6007 Matthew Oaks Place,77007,77007/77055,Middle,577500,584000,577500,3.1,3,2164,1704,2019,105,COTTAGE GROVE
922 Patterson Street,77007,77007/77055,Middle,575000,570000,575000,3.1,3,2525,1785,2012,4,Villas at Patterson Street
1607 Cohn Street,77007,77007/77055,Middle,575000,579000,575000,3.1,3,2392,1575,2013,46,Tyne Cohn Villas
6103 Tyne Street Unit#B,77007,77007/77055,Middle,575000,575000,575000,3.1,3,2488,1613,2014,6,West Side Terrace
7119 Shavelson Street,77055,77007/77055,Middle,575000,549900,575000,2.0,3,1828,8400,1953,3,Afton Village
9777 Larston Street,77055,77007/77055,Middle,575000,575000,575000,3.0,4,2569,8983,1959,4,Spring Branch Woods Sec 02
6601 Teluco Street,77055,77007/77055,Middle,575000,650000,575000,1.0,3,1359,9793,1950,55,Westview Terrace Sec 02
1421 Glenmore Forest Street,77055,77007/77055,Middle,575000,715900,575000,2.0,4,1947,8132,1955,382,GLENMORE FOREST ANNEX
4402 Schuler Street Unit#A,77007,77007/77055,Middle,570000,599000,570000,2.1,3,2414,2500,2019,17,Rice Military
8603 Costmary Lane,77055,77007/77055,Middle,570000,579000,570000,2.2,4,2578,3590,2016,144,The Sanctuary at Valley Oaks
8417 Water Oak Pass Drive,77055,77007/77055,Middle,569150,580000,569150,2.1,3,2922,1785,2016,60,Reserve at Moritz
2010 Sabine Street,77007,77007/77055,Middle,569000,569900,569000,4.1,4,2881,1772,2014,100,Gregory Square Amd
1703 White Street,77007,77007/77055,Middle,568000,589000,568000,3.1,3,2423,2000,2019,13,Sawyer Heights Lndg
4314 Gibson Street Unit#B,77007,77007/77055,Middle,568000,585000,568000,3.1,3,2578,2204,2014,234,West End Terrace
1612 Cohn Street,77007,77007/77055,Middle,565000,550000,565000,2.1,3,2544,2500,2005,5,Woodcrest
5609 Petty Street Unit#B,77007,77007/77055,Middle,565000,599000,565000,2.1,3,2598,2688,2017,22,Cottage Grove 3rd Add
4210 Koehler Street Unit#B,77007,77007/77055,Middle,565000,565000,565000,2.1,3,2233,2688,2018,0,Koehler Xing
5838 Kiam Street,77007,77007/77055,Middle,565000,560000,565000,2.1,3,2348,2687,2020,6,Cottage Grove
1307 Beachton Street,77007,77007/77055,Middle,565000,574900,565000,2.1,3,2429,2400,2025,409,Townhomes at Beachton
2506 Radcliffe Street,77007,77007/77055,Middle,565000,595000,565000,2.1,3,2544,2650,2017,10,Cottage Grove
2301 Arabelle Street,77007,77007/77055,Middle,565000,579900,565000,3.1,4,3204,2500,2016,100,Cottage Grove Sec 04
5235A Petty Street,77007,77007/77055,Middle,565000,572000,565000,2.1,3,2556,2688,2019,139,Cottage Grove
5515 Katy,77007,77007/77055,Middle,564900,549900,564900,2.1,3,2532,2688,2025,84,Cottage Grove
3097 Hicks Street,77007,77007/77055,Middle,563000,563700,563000,3.1,3,2104,NULL,2025,0,White Oak Station
1722 Leilani Drive,77055,77007/77055,Middle,563000,575000,563000,2.1,4,2206,2622,2022,4,Retreat at Westview Terrace
5715 Arabelle Lake Street,77007,77007/77055,Middle,560000,579900,560000,3.1,4,2630,1999,2011,66,Cottage Grove Sec 08 Rep 01
5439 Darling Street,77007,77007/77055,Middle,560000,569000,560000,3.1,3,2512,2000,2025,402,MELSYS
4606 Feagan Street,77007,77007/77055,Middle,560000,625000,560000,3.1,3,2398,2500,2007,78,Bercon on Feagan Street
1709 Leilani Drive,77055,77007/77055,Middle,560000,575000,560000,2.1,3,2165,2770,2019,26,Retreat at Westview Terrace
1411 Beachton Street,77007,77007/77055,Middle,559000,559000,559000,4.1,3,2988,1600,2013,67,Beachton Villas
5218A Rose Street,77007,77007/77055,Middle,557500,600000,557500,3.1,3,2380,2396,2003,6,Villas Rose Street
8427 Westview Drive,77055,77007/77055,Middle,556000,599000,556000,2.0,4,2540,8470,1953,56,Spring Valley Village
4301 Gibson Street,77007,77007/77055,Middle,555000,549000,555000,3.1,3,2374,2491,2006,9,Millennium Villas
5834 Kiam Street,77007,77007/77055,Middle,555000,565000,555000,2.1,3,2245,2687,2021,11,none
6011 Maxie Street,77007,77007/77055,Middle,555000,555000,555000,2.0,3,1290,5600,1930,13,Woodcrest Annex
710 Roy Street,77007,77007/77055,Middle,555000,574500,555000,2.1,3,2412,3188,2000,13,Rose Street T/H Sec 01
1416 Aldrich Street,77055,77007/77055,Middle,555000,565000,555000,1.0,2,1220,7552,1949,1,Westview Terrace
5626 Petty Street,77007,77007/77055,Middle,552000,559000,552000,3.1,3,3051,2688,2011,197,Cottage Grove 3rd Sec
4319 Rose Street,77007,77007/77055,Middle,550000,565000,550000,3.1,3,2273,1650,2013,44,Park Villas/West End
1505 Detering Street,77007,77007/77055,Middle,550000,575000,550000,3.1,3,2990,2126,2014,319,Malek/Detering
4100 Blossom Street Unit#A,77007,77007/77055,Middle,550000,550000,550000,2.1,3,2484,3482,2004,11,Blossom Hill Square
704 W 8th Street,77007,77007/77055,Middle,550000,549999,550000,3.1,3,2066,1406,2007,0,Waterhill Homes/Hts
4302 Gibson Street Unit#B,77007,77007/77055,Middle,550000,599990,550000,3.1,3,2600,2367,2006,126,Gibson Court
5224 Darling Street Unit#B,77007,77007/77055,Middle,550000,550000,550000,3.1,3,2672,2687,2014,3,Cottage Grove
805 Sandman Street,77007,77007/77055,Middle,550000,559000,550000,3.1,3,2300,1515,2014,28,Rice Military Point
535 Arlington Street,77007,77007/77055,Middle,550000,600000,550000,2.1,4,1140,6600,1920,119,Houston Heights
2514 Detering Street,77007,77007/77055,Middle,550000,565000,550000,2.1,3,2260,2700,2014,33,Cottage Grove Sec 01
1421 Caywood Lane,77055,77007/77055,Middle,550000,570000,550000,1.0,2,1920,10863,1950,31,SHADYVILLA
1425 Caywood Lane,77055,77007/77055,Middle,550000,570000,550000,2.0,3,1920,10863,1950,35,SHADYVILLA
1702 Shearn Street,77007,77007/77055,Middle,545000,549000,545000,3.1,3,2465,1881,2014,101,Kayla Oaks
2313 Sherwin Street,77007,77007/77055,Middle,545000,549900,545000,3.1,3,2240,1659,2022,75,Leeby Twnhms
5537 Petty Street,77007,77007/77055,Middle,545000,549000,545000,2.1,3,2093,2688,2018,14,Cottage Grove Sec 03
5627 Darling,77007,77007/77055,Middle,545000,550000,545000,2.1,3,2546,2688,2014,105,Cottage Grove
437 Jackson Hill Street,77007,77007/77055,Middle,543000,549000,543000,3.1,3,2608,2275,2006,22,Jackson Hill Add
7227 Shavelson Street,77055,77007/77055,Middle,542500,575000,542500,2.0,3,2253,14040,1957,35,Afton Village
1628 McDonald Street,77007,77007/77055,Middle,540000,575000,540000,3.1,3,2420,2052,2010,18,Villas/Macdonald Street
506 Knox Street,77007,77007/77055,Middle,540000,549000,540000,3.1,3,2424,1541,2012,113,Park Villas at Knox
5210 Rose Street Unit#C,77007,77007/77055,Middle,540000,569000,540000,3.2,3,2498,1798,2011,95,Zenith Rose Villas
5825 Petty Street,77007,77007/77055,Middle,540000,585000,540000,3.1,4,2972,2688,2015,479,Cottage Grove 4th Sec
9602 Long Branch Lane,77055,77007/77055,Middle,540000,575000,540000,1.1,3,1388,9750,1955,50,Long Point Woods Sec 02
1509 Adkins Road,77055,77007/77055,Middle,540000,550000,540000,2.0,3,1865,9600,1960,3,Linden Lea Sec 01
220 Detering Street,77007,77007/77055,Middle,539000,559000,539000,3.1,3,2561,2331,2006,12,Courtyards/Detering Place
7903 S Wellington Court,77055,77007/77055,Middle,538400,550000,538400,2.0,3,1773,7878,1997,394,Wellington Court
5519 Katy,77007,77007/77055,Middle,537165,534900,537165,2.1,3,2492,2688,2025,43,Cottage Grove
1415 Devonshire Manor Lane,77055,77007/77055,Middle,535300,549900,535300,3.1,3,2574,1500,2015,6,Westview Manor
527 Oxford Street Unit#C,77007,77007/77055,Middle,535000,550000,535000,2.1,3,2382,2192,2003,56,Oxford Park
6018 Maxie Street Unit#B,77007,77007/77055,Middle,535000,549000,535000,3.1,3,2138,1407,2014,167,Rice Military
114 Heights Boulevard Unit#E,77007,77007/77055,Middle,534000,529000,534000,3.1,3,3024,1904,2013,5,Villas D/Hts
5004 Rose Street,77007,77007/77055,Middle,534000,549900,534000,3.1,3,2231,1619,2014,111,Rice Military Point
5406 Darling Street Unit#A,77007,77007/77055,Middle,531000,549000,531000,2.1,3,2482,2688,2013,113,Cottage Grove
5229 Eigel Street,77007,77007/77055,Middle,530000,560000,530000,1.0,3,1056,6502,1936,40,Cottage Grove
5734 Petty Street,77007,77007/77055,Middle,530000,545000,530000,3.1,3,2448,2688,2006,16,Cottage Grove
725 Dorothy Street,77007,77007/77055,Middle,530000,565000,530000,3.1,3,1920,1428,2014,37,Park Place/Hts
1602 Fowler Street,77007,77007/77055,Middle,530000,500000,530000,3.1,3,2503,1650,2010,21,Eigel Place Villas
6625 Sivley Street,77055,77007/77055,Middle,530000,545000,530000,1.0,2,964,8125,1948,21,Westview Terrace
1606 Afton Street,77055,77007/77055,Middle,530000,539900,530000,2.0,3,1401,8184,1952,21,Pine Terrace
6413 Remlap Street,77055,77007/77055,Middle,530000,559444,530000,2.0,3,2030,8125,1949,3,Westview Terrace Sec 02
207 Malone Street,77007,77007/77055,Middle,529000,520000,529000,1.1,3,1163,5000,1940,3,Rice Military
1702 Utah Street Unit#B,77007,77007/77055,Middle,528000,539900,528000,3.1,3,2510,2437,2014,141,Rice Military
1520 Malone Street,77007,77007/77055,Middle,525000,539000,525000,3.2,3,2557,1403,2014,287,Carnegie Villas/Allen Street
548 Granberry Street,77007,77007/77055,Middle,525000,525000,525000,2.0,2,1092,5000,1920,59,Houston Heights
1330 Malone Street,77007,77007/77055,Middle,525000,520000,525000,2.1,3,2272,1837,2001,15,Malone Gardens
818 Olive Street Unit#B,77007,77007/77055,Middle,525000,565000,525000,2.1,3,2488,2600,2012,183,Colina Homes/Olive Street
5731 Larkin Street Unit#B,77007,77007/77055,Middle,525000,549000,525000,2.1,3,2288,2688,2016,72,Cottage Grove Sec 04
1508 Sabine Street,77007,77007/77055,Middle,525000,569000,525000,3.1,3,2347,1650,2019,296,Sawyer Heights Grove
4006 Spencer Street,77007,77007/77055,Middle,525000,539000,525000,3.1,4,2835,2312,2013,98,Spencer Walk
431 Jackson Hill Street,77007,77007/77055,Middle,525000,535000,525000,3.1,3,2608,2275,2006,35,Jackson Hill Add
1463 Springrock Lane Unit#A,77055,77007/77055,Middle,525000,539999,525000,3.1,3,2888,3069,2004,58,Springrock Lane Sec 04 Rep 01
1939 Woodvine Drive,77055,77007/77055,Middle,525000,525000,525000,5.0,5,2200,7840,1960,395,Long Point Oaks
9629 Maribelle Way,77055,77007/77055,Middle,524000,549000,524000,2.0,3,2070,9100,1952,29,Long Point Woods
303 Bethje Street,77007,77007/77055,Middle,523400,550000,523400,3.1,3,2355,1800,2012,41,Bercons Dickson Street Enclave
151 E 2nd Street,77007,77007/77055,Middle,522500,524990,522500,3.1,3,2513,2742,2014,191,Madison Park Villas
2107 Crockett Street,77007,77007/77055,Middle,522000,535000,522000,2.1,3,2390,2500,2015,112,Crockett Square
1747 Ojeman Spring Lane,77055,77007/77055,Middle,522000,565000,522000,3.1,3,2121,1417,2021,384,Spring Valley Point
5612 Lacy Street,77007,77007/77055,Middle,521000,547000,521000,3.1,3,2380,1859,2005,330,Rice Military
1213 Crockett Street,77007,77007/77055,Middle,520000,549000,520000,3.1,4,3003,3856,2017,130,Goliad Grove
4109 Schuler Street,77007,77007/77055,Middle,520000,529000,520000,3.1,3,2173,1485,2016,12,Vistas De Sevilla Amd Pla
5605 Darling Street,77007,77007/77055,Middle,520000,530000,520000,3.1,3,2390,2688,2007,20,Cottage Grove Sec
5305 Eigel Street,77007,77007/77055,Middle,520000,520000,520000,3.1,3,2489,1909,2025,65,Malek/Detering
1438 Waseca Street,77055,77007/77055,Middle,520000,499000,520000,2.1,4,2318,4008,2001,5,Waseca Dev
3089 Hicks Street,77007,77007/77055,Middle,519900,519900,519900,3.1,3,1836,NULL,2025,88,White Oak Station
5515 Crooms Street,77007,77007/77055,Middle,518000,540000,518000,3.1,3,2647,1677,1999,54,Crooms Street Twnhms
4222 Schuler Street,77007,77007/77055,Middle,517000,519000,517000,3.1,3,2213,1510,2020,62,Schuler Terrace
1235 Bonner Street,77007,77007/77055,Middle,515000,540000,515000,3.1,3,2252,2279,2013,18,Vistas De Sevilla
1106 Fowler Street,77007,77007/77055,Low,515000,550000,515000,3.1,3,2235,1483,2019,9,Vita Homes at Center Street
1245 Bonner Street Unit#A,77007,77007/77055,Low,515000,515000,515000,3.1,3,2194,2041,2014,5,Rice Military
6112 Tyne Street Unit#B,77007,77007/77055,Low,515000,515000,515000,3.1,3,2532,2500,2009,6,Bercons Tyne Street Rresidenc
2415 Radcliffe Street,77007,77007/77055,Low,515000,519000,515000,3.1,3,2714,1975,2013,41,Cottage Grove
188 Harvard Street,77007,77007/77055,Low,515000,515000,515000,3.1,3,2256,2675,2012,296,Allegro/Bayou
2407 Radcliffe Street,77007,77007/77055,Low,513000,529000,513000,3.1,3,2714,1775,2013,86,Radcliffe Gardens
4611 Inker Street,77007,77007/77055,Low,512000,519900,512000,3.1,3,2424,1650,2008,20,Inker Place Villas
6725 Woodbend Park S,77055,77007/77055,Low,511500,515000,511500,3.1,3,2569,2386,2013,6,Cottage Grove Sec 1
5609 Kansas Street Unit#C,77007,77007/77055,Low,510000,522999,510000,3.1,3,2576,1796,2008,20,Kansas Courts
4656 Cornish Street,77007,77007/77055,Low,510000,510000,510000,2.1,3,2309,2449,2008,39,Villas/Shepherd Sec 2
2106 Radcliffe Street,77007,77007/77055,Low,509000,519500,509000,3.1,3,2485,1509,2014,56,Larkin Place
1524 Jacquelyn Drive,77055,77007/77055,Low,509000,499000,509000,0.0,0,1559,8848,1950,1,Craig Woods
4310 Koehler Street Unit#A,77007,77007/77055,Low,507000,515000,507000,3.1,3,2215,2104,2018,7,Koehlers Street Manors
2727 Cohn Street,77007,77007/77055,Low,507000,515000,507000,3.1,3,2323,1688,2013,69,Cottage Grove Sec 08 Rep 01
1302 Antoine Drive Unit#C,77055,77007/77055,Low,507000,549900,507000,3.1,3,2680,1405,2006,142,Antoine Villas
629 W 8th Street,77007,77007/77055,Low,505000,515000,505000,3.1,3,2084,2026,2008,13,West 8th Street Commons
1509 Parker Street,77007,77007/77055,Low,505000,510000,505000,3.1,3,2396,2137,2013,31,Distinctive Living Maxie
1727 Reinerman Street,77007,77007/77055,Low,505000,520000,505000,3.1,3,2349,1875,2005,28,Millennium Patio Homes/Nolda
1717 Silver Street,77007,77007/77055,Low,504000,549000,504000,3.1,3,2200,1606,2012,227,Sawyer Skyline
6410 Coppage Street,77007,77007/77055,Low,503000,500000,503000,1.1,1,1440,1500,2003,12,Camp Logan
5233 Cornish Street Unit#C,77007,77007/77055,Low,502500,519000,502500,2.1,3,2393,2688,2013,163,Cottage Grove Sec 01
5903 Petty Street Unit#F,77007,77007/77055,Low,500500,505000,500500,2.1,3,2164,2602,2019,2,Grace Oak Trls
4520 Rose Street,77007,77007/77055,Low,500000,525000,500000,3.1,3,2618,1860,2002,10,Emberg Place
1412 Arkley Way,77055,77007/77055,Low,500000,549000,500000,2.1,3,2684,3053,2020,74,Retreat at Bunker Hill
1404 Arkley Way,77055,77007/77055,Low,500000,522000,500000,2.1,3,2520,3053,2019,180,Retreat Of Bunker Hill
1511 Alamo Street,77007,77007/77055,Low,499999,499999,499999,3.1,3,2397,2256,2024,595,Nassar Add
3059 Hicks Street,77007,77007/77055,Low,499700,499700,499700,3.1,3,1849,1540,2025,29,White Oak Station
2503 Maxroy Street,77007,77007/77055,Low,499000,499000,499000,3.1,3,2588,2000,2011,24,Cottage Grove Maxroy Homes
4407 Marina Street Unit#A,77007,77007/77055,Low,499000,535000,499000,3.1,3,2555,1894,2019,77,Marina City Views
3071 Hicks Street,77007,77007/77055,Low,499000,499700,499000,3.1,3,1859,1489,2025,1,White Oak Station
2203 Colorado Street,77007,77007/77055,Low,497000,499900,497000,3.1,3,2231,1632,2015,93,Sawyer Park Place Grove
6240 Kansas Street,77007,77007/77055,Low,496000,507500,496000,3.1,3,2550,1706,2019,147,Cottage Grove Lake Pt Rep
3079 Hicks Street,77007,77007/77055,Low,496000,497700,496000,3.1,3,1734,1439,2025,1,White Oak Station
1610 E Bonner Street Unit#A,77007,77007/77055,Low,495000,499990,495000,3.1,3,2505,2375,2013,101,Carnegie Villas/Bonner Street
517 Fowler Street,77007,77007/77055,Low,495000,495000,495000,3.1,3,2288,1600,2007,431,Fowler Place
8034 Cedel Drive,77055,77007/77055,Low,495000,500000,495000,3.0,4,2281,7590,1956,203,Springdale Sec 02
1421 Confederate Road,77055,77007/77055,Low,495000,519000,495000,2.0,3,1482,8840,1952,32,Long Point Woods
1362 Bullock Lane,77055,77007/77055,Low,495000,495000,495000,2.1,3,2304,4480,1984,5,Bunker Hill Forest
6618 Housman Street,77055,77007/77055,Low,495000,495000,495000,2.0,3,1488,7500,1955,204,Westview Terrace Sec 02
3061 Hicks Street,77007,77007/77055,Low,494900,494900,494900,3.1,3,1954,NULL,2025,150,White Oak Station
4530 Eli Street,77007,77007/77055,Low,494000,505000,494000,3.1,3,2500,1838,2012,20,Patterson Grove
4219 Dickson Street,77007,77007/77055,Low,494000,515000,494000,3.1,3,2556,1619,2020,13,Waterhill Homes/Dickson
1470 Springrock Lane Unit#6,77055,77007/77055,Low,492000,529999,492000,2.1,3,2368,3227,2000,68,Springrock Lane
5719 Darling Street,77007,77007/77055,Low,490000,490000,490000,3.0,4,2537,2688,2008,65,Cottage Grove
1817 Crockett Street Unit#C,77007,77007/77055,Low,490000,497000,490000,3.1,3,2132,1875,2013,55,Modern City Views
5212 Lillian Street,77007,77007/77055,Low,490000,500000,490000,3.1,3,2519,2491,2004,166,Courtyards/Lillian
1315 Bingham Street,77007,77007/77055,Low,490000,500000,490000,2.1,3,2454,3004,2014,66,Stessel Add/Bingham Street
4407 Marina Street Unit#B,77007,77007/77055,Low,490000,510000,490000,3.1,3,2259,1720,2020,283,Marina City Views
6034 Maxie Street,77007,77007/77055,Low,490000,500000,490000,3.1,3,2607,1813,2008,33,Park Vls 01 Amd
753 Dorothy Street,77007,77007/77055,Low,490000,524900,490000,3.0,3,1736,1426,2014,76,Park Place/Hts
5813 Petty Street Unit#C,77007,77007/77055,Low,490000,510000,490000,3.1,3,2222,1834,2016,39,Colina Court/Petty Street
3065 Hicks Street,77007,77007/77055,Low,489900,489900,489900,3.1,3,1859,NULL,2025,236,White Oak Station
5513 Katy,77007,77007/77055,Low,489900,489900,489900,2.1,3,1980,2525,2025,25,Cottage Grove
5548 Nolda Street,77007,77007/77055,Low,489900,489900,489900,2.1,3,1975,2525,2025,96,Cottage Grove
1318 Bingham Street,77007,77007/77055,Low,489000,489000,489000,2.0,2,1116,4794,1902,199,Baker Nsbb
1610 Crockett Street,77007,77007/77055,Low,488000,489000,488000,1.0,2,1154,5000,1930,81,Baker Nsbb
1707 Basil Branch Drive,77055,77007/77055,Low,487000,499000,487000,3.0,3,2158,1673,2016,30,Village/Spg Branch
4224 Schuler Street,77007,77007/77055,Low,485000,490000,485000,3.1,3,2213,1510,2021,117,Schuler Terrace
1624 Utah Street,77007,77007/77055,Low,485000,499999,485000,3.1,3,2178,1900,2004,13,Lowell Place
5733 Kiam Street,77007,77007/77055,Low,485000,499000,485000,3.1,3,2253,2500,2014,77,Cottage Grove
5228 Schuler Street,77007,77007/77055,Low,485000,495000,485000,3.1,3,1926,1566,2020,22,Allen Street Park
1618 Weber Street,77007,77007/77055,Low,485000,499000,485000,2.0,3,1774,5000,1935,116,Beauchamp Spg Tr
910 Snover Street Unit#A,77007,77007/77055,Low,485000,495000,485000,3.1,3,1932,1834,2013,40,Hampton Square Sub
4115 Barnes Street,77007,77007/77055,Low,485000,495000,485000,3.1,4,2653,1841,2006,106,Barnes Woods
4314 Gibson Street Unit#A,77007,77007/77055,Low,485000,499000,485000,3.1,3,2351,1550,2014,301,Gibson Oaks
216 Detering Unit#A,77007,77007/77055,Low,485000,500000,485000,3.1,3,2274,1584,2006,36,RICE MILITARY
5617 Feagan Street,77007,77007/77055,Low,485000,499800,485000,3.1,3,2946,2400,2003,355,Riverwood At Feagan Sec 01
1936 Purswell Road,77055,77007/77055,Low,485000,485000,485000,3.1,3,2344,1547,2025,0,Tract 1-4
7607 Jacquelyn Gardens Lane,77055,77007/77055,Low,485000,487000,485000,3.1,3,2000,NULL,2024,55,Villas de Marbella
5202 Cornish Street,77007,77007/77055,Low,480000,480000,480000,2.1,3,2228,3276,1999,67,Cornish Place
3055 Hicks Street,77007,77007/77055,Low,480000,484900,480000,3.1,3,1841,NULL,2025,140,White Oak Station
5307 Eigel Street,77007,77007/77055,Low,480000,490000,480000,3.1,3,2190,1601,2025,125,Malek at Detering
330 Patterson Street,77007,77007/77055,Low,480000,485000,480000,3.1,3,2070,1720,2008,17,Bercon/Patterson Street
8926 Grovner Place,77055,77007/77055,Low,480000,492990,480000,3.1,3,2115,NULL,2025,532,Regents Court
1305 Confederate Road,77055,77007/77055,Low,480000,499000,480000,1.0,3,1050,8320,1955,206,Long Point Woods Sec 02
5313 Inker Street,77007,77007/77055,Low,479900,479900,479900,3.1,3,2618,1879,2015,29,Inker St Lndg
5416 Kansas Street,77007,77007/77055,Low,479000,479000,479000,3.1,3,1918,1572,2013,16,Cottage Grove Add Sec 03
1414 Wichman Street,77007,77007/77055,Low,479000,479000,479000,3.1,3,2128,1596,2020,176,Forest Park Lndg
5638 Petty Street Unit#B,77007,77007/77055,Low,479000,479000,479000,3.1,3,2323,1708,2014,163,Petty Street Terrace
1618 Ovid Street,77007,77007/77055,Low,477000,495000,477000,3.1,3,2080,1404,2013,186,Sawyer Park Place
4213 Lillian Street,77007,77007/77055,Low,477000,500000,477000,3.1,3,2394,2183,2006,29,A & K Custom Hms/Olive Street
5224 Nett Street Unit#A,77007,77007/77055,Low,476500,480000,476500,2.0,3,2034,2500,2005,151,Nett Street Add
4115 Schuler Street,77007,77007/77055,Low,475000,475000,475000,3.1,3,2173,2261,2016,13,Vistas De Sevilla Amd Pla
1622 Parker Street,77007,77007/77055,Low,475000,500000,475000,3.1,3,2412,1958,2013,57,Colina Homes/Eigel Street Sub
3075 Hicks Street,77007,77007/77055,Low,475000,489700,475000,3.1,3,1853,NULL,2025,18,White Oak Station
1122 Thompson Street,77007,77007/77055,Low,475000,499999,475000,3.1,3,2569,1444,2019,366,Thompson Court
1406 Knox Street,77007,77007/77055,Low,475000,465000,475000,2.1,3,2024,2800,2005,6,Woodcrest
5720 Kiam Street Unit#C,77007,77007/77055,Low,475000,499500,475000,2.1,3,2328,2688,2009,75,Cottage Grove Sec 04
6731 Sussex Manor Street,77055,77007/77055,Low,475000,485000,475000,2.1,3,2010,2148,2017,48,Westview Manor
6642 Teluco Street,77055,77007/77055,Low,475000,550000,475000,1.0,2,949,11220,1952,143,Westview Terrace Sec 02
6902 Schiller Street,77055,77007/77055,Low,475000,475000,475000,2.0,3,984,8967,1954,1,Pine Terrace Sec 03
7519 Schiller Street,77055,77007/77055,Low,475000,499000,475000,2.0,3,1638,7080,1950,46,Pine Terrace Sec 04
1315 Shady Villa Pine,77055,77007/77055,Low,474000,479000,474000,2.1,3,2336,2535,2003,6,Park At Shady Villa Amd
5602 Schuler Street,77007,77007/77055,Low,473000,495000,473000,3.1,3,2677,1888,2008,35,Park Rdg/Schuler/Asbury Street
5525 Kiam Street Unit#A,77007,77007/77055,Low,473000,475000,473000,3.1,3,2316,2550,2008,63,Kiam Street Twnhms
1729 Reinerman Street,77007,77007/77055,Low,472500,490000,472500,3.1,3,2349,1875,2005,84,Millennium Patio Homes/Nolda
1617 Shearn Street,77007,77007/77055,Low,470000,485000,470000,3.1,3,2432,1532,2015,87,Shearn Brook Gardens
1105 Wagner Street,77007,77007/77055,Low,470000,475000,470000,3.1,4,2672,1937,2007,124,Washington Heights North
5307 Larkin Street Unit#A,77007,77007/77055,Low,470000,519000,470000,2.1,3,2558,2687,2012,64,COTTAGE GROVE
4215 Lillian Street,77007,77007/77055,Low,470000,484900,470000,3.1,3,2394,1683,2006,43,A & K Custom Hms/Olive Street
1335 Bullock Lane,77055,77007/77055,Low,470000,455000,470000,2.0,4,1926,4120,1982,4,Bunker Hill Forest Sec 01
1345 Du Lock Lane,77055,77007/77055,Low,470000,495000,470000,2.1,3,2059,5950,1978,56,Bunker Hill Forest Sec 02
4205 Dickson Street,77007,77007/77055,Low,469999,469999,469999,3.1,3,2604,1619,2010,73,Waterhill Homes On Dickson
1504 Johnson Street,77007,77007/77055,Low,469900,499900,469900,3.1,3,2249,1900,2014,24,Cayman Court
214 Detering Street Unit#A,77007,77007/77055,Low,468000,475000,468000,3.1,3,2274,1576,2006,98,Courtyards/Detering Place
7506 Dearborn Street,77055,77007/77055,Low,468000,495000,468000,2.2,3,2400,7080,1950,254,Pine Terrace
4409 Schuler Street Unit#A,77007,77007/77055,Low,467500,499000,467500,2.1,3,2232,2500,2013,174,Villas at Schuler Street
8410 Western Drive,77055,77007/77055,Low,467500,499000,467500,2.0,3,1659,10800,1950,130,Ridgecrest
1510 Johnson Street,77007,77007/77055,Low,467000,475000,467000,3.1,3,2160,1550,2014,13,Cayman Court
2020 Sabine Street,77007,77007/77055,Low,466000,475000,466000,3.0,3,2485,1407,2015,171,Gregory Square
318 Patterson Street,77007,77007/77055,Low,465900,479900,465900,3.1,3,2070,1600,2008,41,Bercon/Patterson Street
3954 Feagan Street,77007,77007/77055,Low,465000,490000,465000,3.1,3,2292,1978,2006,58,Feagan Street Casitas
2002 Sabine Street,77007,77007/77055,Low,465000,465000,465000,3.0,3,1962,1798,2007,39,Gregory Square 1
5311 Kiam Street Unit#B,77007,77007/77055,Low,465000,469000,465000,3.1,3,2347,1586,2014,12,Colina Homes/Kiam Street Sub
3073 Hicks Street,77007,77007/77055,Low,465000,479900,465000,3.1,3,1859,NULL,2025,110,White Oak Station
6007 Tyne Street Unit#C,77007,77007/77055,Low,465000,500000,465000,3.1,3,2531,2350,2007,213,Tyne Street Patio Homes
1944 Purswell Road,77055,77007/77055,Low,465000,465000,465000,3.1,3,2221,1575,2024,51,Silber Estates
5708 Petty Street Unit#B,77007,77007/77055,Low,462500,472500,462500,2.1,3,2279,2688,2011,98,Cottage Grove 4th Sec
2715 Cohn Garden Lane,77007,77007/77055,Low,462000,479000,462000,3.1,3,2358,1608,2014,141,Cottage Grove Sec 8
196 Harvard Street,77007,77007/77055,Low,460500,480000,460500,3.1,3,2256,1665,2012,85,Allegro/Bayou
5237 Cornish Street Unit#C,77007,77007/77055,Low,460000,480000,460000,2.1,3,2274,2688,2019,59,COTTAGE GROVE
1403 Patterson Street,77007,77007/77055,Low,460000,471000,460000,3.1,3,2036,1461,2012,15,Patterson Grove
5816 Kiam Street,77007,77007/77055,Low,460000,462500,460000,2.1,3,2033,2687,2003,3,Cottage Grove
1917 SUMMER Street,77007,77007/77055,Low,460000,465000,460000,3.0,3,1768,1400,2007,57,Seasons Brownstones
1254 Utah Street,77007,77007/77055,Low,460000,480000,460000,3.1,3,1998,1450,2005,77,Georgetown Villas
5120 Larkin Street,77007,77007/77055,Low,460000,480000,460000,2.1,3,2060,2500,2014,91,Cottage Grove
7710 Earl Rudder Way,77055,77007/77055,Low,460000,450000,460000,3.1,3,2210,1673,2026,78,JACQUELYN HOMES
5812 E Post Oak Lane,77055,77007/77055,Low,460000,477000,460000,3.1,3,2171,1535,2019,21,Uptown North Sec 1
9114 Campbell Court,77055,77007/77055,Low,460000,497000,460000,3.1,3,2871,1830,2010,167,Campbell Court Palt 02
4313 Marina Street,77007,77007/77055,Low,459900,464500,459900,3.1,3,2328,1631,2016,16,Marina Villas
1211 Bonner St,77007,77007/77055,Low,458000,458000,458000,3.1,3,2252,1772,2014,91,Vistas De Sevilla Amd Pla
734 Nicholson,77007,77007/77055,Low,457500,445000,457500,2.1,3,1565,1686,2012,3,Nicholson Place in the Heights
1807 Dart Street,77007,77007/77055,Low,456500,460000,456500,3.1,3,2166,1549,2008,163,Merfish Silver Dart Amd P
1819 Dart Street,77007,77007/77055,Low,455000,449000,455000,3.1,3,2198,2441,2009,52,Merfish Silver Dart Amd P
1611 Spring Street Unit#C,77007,77007/77055,Low,455000,497500,455000,3.1,3,2103,1675,2013,90,Villas/Spring
7720 N Fall Run Crossing,77055,77007/77055,Low,455000,449500,455000,2.1,3,2484,2965,2019,217,Fall Run Park
1211 Hickory Street Unit#D,77007,77007/77055,Low,450000,465000,450000,3.1,3,2099,1921,2021,124,Houston Views
4219 Allen Street,77007,77007/77055,Low,450000,458000,450000,3.1,3,2539,1597,2018,115,Magnolia Add
2819 Sherwin Street,77007,77007/77055,Low,450000,459900,450000,3.1,4,2450,2018,2007,12,Cottage Grove Sec 06
522 Allston Street Unit#C,77007,77007/77055,Low,450000,462000,450000,3.1,3,2149,1475,2011,9,Houston Heights Pt Rep 03
5319 Petty Street,77007,77007/77055,Low,450000,450000,450000,3.1,3,2304,1699,2015,5,Petty Street Grove
5340 Inker Street Unit#B,77007,77007/77055,Low,450000,465000,450000,3.0,3,2250,1885,2013,51,Inker Street Place
5826 Larkin Street,77007,77007/77055,Low,450000,459000,450000,2.1,3,2232,1615,2006,24,Contemporary Park Sec 09
8318 Ginger Oak Street,77055,77007/77055,Low,450000,499000,450000,3.1,3,2476,1650,2016,83,Village at Spring Branch
6735 Highclere Manor Lane,77055,77007/77055,Low,450000,449900,450000,3.1,3,2306,1874,2015,64,Westview Manor
1258 N Post Oak Road Unit#B,77055,77007/77055,Low,450000,479000,450000,3.1,3,2233,1533,2017,72,North Post Oak Terrace
8527 Ridgepoint Drive,77055,77007/77055,Low,450000,479000,450000,2.0,4,2448,15000,1954,89,Ridgecrest
2050 Marnel Road,77055,77007/77055,Low,450000,450000,450000,2.0,3,2108,8935,1950,83,Ridgecrest Sec 04
1209 Confederate Road,77055,77007/77055,Low,450000,479900,450000,2.1,3,1618,8320,1955,37,Long Point Woods
5522 Darling Street Unit#A,77007,77007/77055,Low,449900,449900,449900,3.1,3,2582,2281,2007,62,Cottage Grove Sec 03
1522 Caywood Lane Unit#C,77055,77007/77055,Low,449900,449900,449900,2.1,3,2046,2925,2019,9,Shadyvilla Annex Sec 2
3099 Hicks Street,77007,77007/77055,Low,447000,449900,447000,3.1,3,1646,NULL,2026,149,White Oak Station
906 Reinerman Street,77007,77007/77055,Low,445559,449000,445559,3.1,3,2422,1807,2004,355,RICE MILITARY
6107 Stillman Street,77007,77007/77055,Low,445500,465000,445500,3.1,3,2104,1886,2012,167,Stillwater Sub
4211 Allen Street,77007,77007/77055,Low,445000,455000,445000,3.1,3,2364,1597,2018,32,Magnolia Add
2103 Patterson Street,77007,77007/77055,Low,445000,455000,445000,3.1,3,2124,2160,2015,16,Keystone/North Cornish Street
2115 Cohn Street,77007,77007/77055,Low,445000,449990,445000,3.1,3,2287,1500,2006,103,Larkin Manors
2125 Roy Street Unit#D,77007,77007/77055,Low,445000,450000,445000,3.1,3,2383,1982,2005,31,Larkinseque
4316 Rose Street,77007,77007/77055,Low,445000,455000,445000,3.1,3,2234,1513,2004,26,Rice Military
5018 DARLING Street,77007,77007/77055,Low,445000,469000,445000,2.1,3,2274,2796,2003,62,Cottage Grove
1615 Regents Gate Road,77055,77007/77055,Low,445000,450000,445000,2.2,3,2369,NULL,2025,403,Regents Court
8928 Grovner Place,77055,77007/77055,Low,445000,492990,445000,3.1,3,2115,NULL,2025,582,Regents Court
4231 Allen Street,77007,77007/77055,Low,440000,440000,440000,3.1,3,2366,1559,2018,93,Thompson Court
5718 Feagan Street,77007,77007/77055,Low,440000,439000,440000,3.1,3,2470,1292,1998,7,Rice Military Add
1109 Studer Street,77007,77007/77055,Low,440000,445000,440000,3.1,3,2288,1568,2006,31,Trinity Heights Pt Rep Amendi
7735 Hammerly Boulevard,77055,77007/77055,Low,440000,440000,440000,3.1,3,1836,1849,2025,8,Hammerly Pine Lndg
7723C Hammerly Boulevard,77055,77007/77055,Low,440000,440000,440000,3.1,3,1748,1544,2025,1,Hammerly Spring Landing
10051 Larston Street,77055,77007/77055,Low,440000,459000,440000,2.0,3,1783,7910,1959,27,Spring Branch Woods
8915 Grovner Place,77055,77007/77055,Low,439990,478990,439990,2.1,3,2185,NULL,2025,519,Regents Court
5443 Rose Street,77007,77007/77055,Low,437500,450000,437500,2.1,2,2106,1842,2003,20,Rose Patio Homes
5317 Lillian Street,77007,77007/77055,Low,437500,469000,437500,3.1,3,2200,1748,2014,93,TRICONS LILLIAN ENCLAVE
5309 Eigel Street,77007,77007/77055,Low,435000,435000,435000,3.1,3,1961,1496,2025,234,Malek at Detering
5739 Petty Street,77007,77007/77055,Low,435000,459000,435000,3.1,3,2203,1871,2013,183,West Grove Villas
2310 Arabelle Street,77007,77007/77055,Low,435000,450000,435000,3.1,3,2281,1856,2006,163,Manors/Petty Street
2036 Thonig Road,77055,77007/77055,Low,435000,449900,435000,2.1,3,2178,3230,2024,250,Thonig Villas
5336 Petty Street Unit#C,77007,77007/77055,Low,425000,449000,425000,3.1,3,2467,1475,2008,29,Cottage Grove
2830 Sherwin Street,77007,77007/77055,Low,425000,429900,425000,3.1,3,2366,2364,2007,94,Cottage Grove Sec 7
531 Threlkeld Street,77007,77007/77055,Low,425000,425000,425000,1.0,2,912,6000,1920,50,Usener
1408 Asbury Street,77007,77007/77055,Low,425000,425000,425000,2.0,2,1725,2500,2005,6,Woodcrest
5658 Darling Street,77007,77007/77055,Low,425000,459000,425000,3.1,3,2228,1431,2014,87,Cottage Grove
7708 Cedel Drive,77055,77007/77055,Low,425000,435000,425000,2.1,3,2108,4231,2018,62,Silverbonnet Place
1721 Shearn Street,77007,77007/77055,Low,424244,424244,424244,3.1,3,2247,1821,2014,367,Shearn Street Homes
4106 Kolb Street,77007,77007/77055,Low,424200,425000,424200,2.1,3,2212,2375,2016,43,Bayou Villa
5911 Katy Street,77007,77007/77055,Low,424000,415000,424000,2.1,3,2080,2040,2005,4,Park/Kansas
4108 Bonner View Lane,77007,77007/77055,Low,423000,435000,423000,3.1,3,2861,1785,2012,115,Villas/Bonner
1020 Wagner Street,77007,77007/77055,Low,422500,450000,422500,3.0,3,2200,1921,2007,91,Rice Military/ Washington Cooridor
2005 Patterson Street,77007,77007/77055,Low,422000,439000,422000,3.1,3,2239,NULL,2014,40,Patterson Grove Keystone
5309 Inker Street,77007,77007/77055,Low,420000,425000,420000,3.1,3,2356,1696,2015,231,INKER STREET LANDING
1407 Shearn Street,77007,77007/77055,Low,420000,440000,420000,3.1,3,2088,1583,2010,38,Shearn Commons
7723 Hammerly Boulevard Unit#D,77055,77007/77055,Low,420000,420000,420000,3.1,3,1836,1849,2025,0,Hammerly Pine Lndg
1270 N Post Oak Road Unit#A,77055,77007/77055,Low,420000,435000,420000,3.1,3,2101,2329,2023,66,North Post Oak Terrace
7705 Westside Villas Lane,77055,77007/77055,Low,420000,435000,420000,3.1,3,1980,1470,2022,108,West Side Villas Pt Repla
1909 Hickory Street,77007,77007/77055,Low,419900,419900,419900,3.1,3,2345,1692,2013,207,Boulevard/Spg
8404 Vogue Lane,77055,77007/77055,Low,419000,429000,419000,3.1,3,1845,2137,2024,546,YOCUM GARDENS
2715 Sherwin Street,77007,77007/77055,Low,417500,430000,417500,2.1,3,2386,1864,2006,33,Cottage Grove
1834 Woodbend Village Court,77055,77007/77055,Low,417000,399000,417000,2.1,3,2086,3350,2009,2,Woodbend Village
5017 Larkin Street Unit#B,77007,77007/77055,Low,416100,434900,416100,2.1,3,1811,2500,2008,24,Brunner Add
5540 Nolda Street,77007,77007/77055,Low,415000,400000,415000,2.1,3,2000,2106,2008,6,Nolda Terrace Twnhms
1308 Cohn Street,77007,77007/77055,Low,415000,415000,415000,3.1,3,2200,1412,2002,45,Riverwood On Cohn Ave
8913 Grovner Place,77055,77007/77055,Low,415000,449990,415000,2.1,3,1925,NULL,2025,281,Regents Court
918 Patterson Street,77007,77007/77055,Low,410000,520000,410000,3.1,3,3280,1705,2022,130,Villas/Patterson D Street
8911 Grovner Place,77055,77007/77055,Low,410000,449990,410000,2.1,3,1925,NULL,2026,253,Regents Court
7514 Dearborn Street,77055,77007/77055,Low,410000,399000,410000,1.1,3,1295,7497,1950,76,Pine Terrace Sec 04
8412 Pech Landing Drive,77055,77007/77055,Low,409900,409900,409900,2.1,3,1910,2020,2026,0,Pech Landing
8416 Pech Landing Drive,77055,77007/77055,Low,409900,409900,409900,2.1,3,1910,2020,2026,71,Pech Landing
8421 Pech Landing Drive,77055,77007/77055,Low,409900,409900,409900,2.1,3,1910,2020,2026,6,Pech Landing
8420 Pech Landing Drive,77055,77007/77055,Low,409900,409900,409900,2.1,3,1910,2020,2026,31,Pech Landing
7803 Amelia Road Unit#A,77055,77007/77055,Low,409900,409900,409900,3.1,3,1776,2488,2025,164,Amelia Oaks
8413 Pech Landing Drive,77055,77007/77055,Low,409900,409900,409900,2.1,3,1814,2020,2025,0,Pech Lndg
8432 Vogue Lane,77055,77007/77055,Low,409000,409000,409000,3.1,3,1845,2083,2024,709,YOCUM GARDENS
8426 Vogue Lane,77055,77007/77055,Low,409000,409000,409000,3.1,3,1845,2083,2024,682,YOCUM GARDENS
5637 Kiam Street Unit#D,77007,77007/77055,Low,405000,449900,405000,3.1,3,2356,1891,2015,155,Cottage Grove
5619 Kansas Street Unit#B,77007,77007/77055,Low,405000,409999,405000,2.0,3,1783,1737,2019,21,Trails/Kansas Street
8415 Pech Landing Drive,77055,77007/77055,Low,404900,394900,404900,2.1,3,1948,2020,2026,32,Pech Landing
8414 Pech Landing Drive,77055,77007/77055,Low,404900,394900,404900,2.1,3,1948,2020,2026,49,Pech Landing
8418 Pech Landing Drive,77055,77007/77055,Low,404900,404900,404900,2.1,3,1948,2020,2026,76,Pech Landing
1311 Shady Villa Pine,77055,77007/77055,Low,403000,439000,403000,2.1,3,2281,2730,2003,195,Park At Shady Villa Amd
2302 Kolbe Cold Springs Lane,77055,77007/77055,Low,402500,411700,402500,3.1,3,2137,1538,2025,149,Kolbe Square
5006 Maxie Street,77007,77007/77055,Low,400000,500000,400000,2.0,4,1470,5000,1954,23,Brunner
3414 Center Street,77007,77007/77055,Low,400000,405000,400000,3.1,3,2033,1425,2008,153,Washington Heights North
5909 Katy Street,77007,77007/77055,Low,400000,400000,400000,2.1,3,2080,2013,2005,18,Cottage Grove
920 Patterson Street,77007,77007/77055,Low,400000,489900,400000,3.1,3,3000,1745,2022,63,Villas/Patterson D Street
5536 Nolda Street,77007,77007/77055,Low,400000,419500,400000,2.1,3,2000,2106,2008,21,Nolda Terrace Twnhms
3932 Feagan Street,77007,77007/77055,Low,400000,414900,400000,3.1,3,2292,1981,2007,76,Feagan Street Casitas
2208 Colorado Street,77007,77007/77055,Low,400000,400000,400000,3.1,3,2148,2063,2008,105,Colorado Twnhms
5114 Eigel Street,77007,77007/77055,Low,400000,410000,400000,1.0,3,1056,5000,1930,99,Brunner
9765 Westview Drive,77055,77007/77055,Low,400000,425000,400000,2.0,5,2466,9590,1958,121,Spring Branch Woods Sec 02
8506 Montridge Drive,77055,77007/77055,Low,400000,404990,400000,1.0,2,900,14638,1952,281,Ridgecrest Sec 02
1262 N Post Oak Road Unit#B,77055,77007/77055,Low,399999,399999,399999,3.1,3,2100,1673,2019,92,North Post Oak Terrace
8918 Grovner Place,77055,77007/77055,Low,399990,401990,399990,2.1,3,1745,NULL,2025,69,Regents Court
7402 Dearborn Street,77055,77007/77055,Low,399950,399950,399950,2.0,4,1553,9164,1960,217,Pine Terrace
7805 Amelia Road Unit#A,77055,77007/77055,Low,399900,399900,399900,3.1,3,1776,1553,2025,34,Amelia Oaks
7811 Amelia Road Unit#A,77055,77007/77055,Low,399900,409900,399900,3.1,3,1776,1553,2025,134,Amelia Oaks
5427 Kansas Street Unit#C,77007,77007/77055,Low,399000,399000,399000,3.1,3,2156,1582,2004,23,Cottage Grove
1123 Patterson Street,77007,77007/77055,Low,399000,399000,399000,2.1,3,1694,1911,2004,1,Center Street Plaza North
1611 Regents Court,77055,77007/77055,Low,399000,459990,399000,2.1,3,1925,NULL,2025,258,Regents Court
2308 Kolbe Cold Springs Lane,77055,77007/77055,Low,398500,399700,398500,3.1,3,2130,NULL,2025,164,Kolbe Square
1506 Birdsall Street,77007,77007/77055,Low,397700,425000,397700,3.1,3,2124,2424,2005,202,Birdsall Court
5733 Kansas Street,77007,77007/77055,Low,397500,400000,397500,3.1,3,2376,2052,2004,6,Cottage Grove
5810 Darling Street Unit#B,77007,77007/77055,Low,397500,400000,397500,2.1,3,2041,1789,2006,298,Contemporary Park
5307 Nett Street Unit#C,77007,77007/77055,Low,395000,399900,395000,3.1,3,2104,1623,2006,294,Trinity Nett
5837 E Post Oak Lane,77055,77007/77055,Low,395000,425000,395000,3.1,3,2109,1463,2017,63,Uptown North Sec 1
8423 Pech Landing Drive,77055,77007/77055,Low,394900,404900,394900,2.1,3,1948,2020,2026,11,Pech Landing
8411 Pech Landing Drive,77055,77007/77055,Low,394900,394900,394900,2.1,3,1801,2957,2024,418,Pech Lndg
8410 Pech Landing Drive,77055,77007/77055,Low,394900,394900,394900,2.1,3,1801,2957,2024,339,Pech Lndg
5849 E Post Oak Lane,77055,77007/77055,Low,392000,399988,392000,3.1,3,2109,1590,2019,88,Uptown North
1219 Hickory Street,77007,77007/77055,Low,390000,399000,390000,3.0,3,2068,1809,2007,75,Hickory Skyline Patio Homes
1308 Birdsall Street,77007,77007/77055,Low,390000,425000,390000,3.1,4,2443,1575,2005,92,Birdsall Woods
8409 Montridge Drive,77055,77007/77055,Low,390000,424900,390000,1.0,3,1834,12696,1950,17,Ridgecrest Sec 01
8320 Springwood Canyon Lane,77055,77007/77055,Low,390000,305000,390000,2.1,3,1363,1438,2024,51,Springwood Villas
7403 N Dearborn Street,77055,77007/77055,Low,390000,429000,390000,2.0,3,1920,8619,1950,288,Pine Terrace Sec 04
7809 Amelia Road Unit#A,77055,77007/77055,Low,389900,389900,389900,3.1,3,1776,1553,2025,0,Amelia Oaks
1510 Birdsall Street,77007,77007/77055,Low,389000,389000,389000,3.1,3,2268,1500,2005,235,Rice Military/Washington Corridor
1913 Johanna Drive,77055,77007/77055,Low,387900,387900,387900,3.1,3,1778,2042,2024,349,Amelia Oaks
1941 Johanna Drive,77055,77007/77055,Low,387900,387900,387900,3.1,3,1778,2042,2024,79,Amelia Oaks
7702 Sky Dweller Drive,77055,77007/77055,Low,387700,387700,387700,2.1,3,1848,1897,2026,245,Johanna Place
5219 Lillian Street,77007,77007/77055,Low,387000,399900,387000,3.1,3,2288,1596,2005,155,Rice Military/Washington Corridor
1929 Johanna Drive,77055,77007/77055,Low,386500,387900,386500,3.1,3,1807,1972,2024,337,Amelia Oaks
1401 Holly Street,77007,77007/77055,Low,386000,369900,386000,3.0,3,1064,2500,1920,9,Baker Nsbb
1214 Crockett Street,77007,77007/77055,Low,385925,399000,385925,1.0,2,1108,5000,1900,355,First Ward
5525 Petty Street Unit#B,77007,77007/77055,Low,385000,399900,385000,3.1,3,2173,2281,2014,19,Homes/Petty Street
5310 Larkin Street Unit#B,77007,77007/77055,Low,385000,399000,385000,3.1,3,2354,1625,2007,171,Barrington Court
5525 Kiam Street Unit#C,77007,77007/77055,Low,385000,389000,385000,3.1,3,2406,1765,2008,174,Cottage Grove
2741 Sherwin Street,77007,77007/77055,Low,385000,395000,385000,2.0,3,1537,1722,2019,61,Cottage Grove
5400 Gibson Street,77007,77007/77055,Low,385000,385000,385000,3.1,3,2448,2307,1999,12,Detering H E
5239 Kiam Street,77007,77007/77055,Low,385000,428000,385000,2.0,3,1032,5350,1940,1571,Cottage Grove Sec 01
1962 Norcrest Drive,77055,77007/77055,Low,385000,379900,385000,2.0,4,1372,7500,1952,45,Ridgecrest Sec 02
6915 Jalna Street,77055,77007/77055,Low,385000,409000,385000,2.0,3,1220,7200,1950,144,Pine Terrace
2223 Marnel Road Unit#A,77055,77007/77055,Low,385000,388900,385000,3.1,3,1778,1746,2025,0,YOCUM GARDENS
7710 Sky Dweller Drive,77055,77007/77055,Low,384700,384700,384700,2.1,3,1848,1647,2026,535,Johanna Place
7723 Sky Dweller Drive,77055,77007/77055,Low,384700,384700,384700,2.1,3,1848,1754,2026,550,Johanna Place
7718 Sky Dweller Drive,77055,77007/77055,Low,384000,384900,384000,2.1,3,1753,1769,2024,209,Johanna Place
2306 Kolbe Cold Springs Lane,77055,77007/77055,Low,383000,384900,383000,3.1,3,2208,1511,2025,307,Kolbe Square
1909 Johanna Drive,77055,77007/77055,Low,382900,382900,382900,3.1,3,1755,1823,2024,367,Amelia Oaks
7706 Sky Dweller Drive,77055,77007/77055,Low,382500,394900,382500,2.1,3,1819,1943,2025,0,Johanna Place
7811 Amelia Road Unit#B,77055,77007/77055,Low,382000,389900,382000,3.1,3,1724,1553,2025,216,Amelia Oaks
2221 Marnel Road Unit#A,77055,77007/77055,Low,381900,381900,381900,3.1,3,1778,1704,2025,39,YOCUM GARDENS
311 E 8th Street,77007,77007/77055,Low,380000,390000,380000,1.0,1,598,1518,1920,6,Houston Heights
5817 Darling Street Unit#D,77007,77007/77055,Low,380000,400000,380000,2.1,3,2041,1723,2006,156,Contemporary Park Sec 8 Pt
1166 Bonner Street,77007,77007/77055,Low,380000,385000,380000,2.1,3,1753,2122,2005,56,Bonner Street Plaza
1208 Birdsall Street,77007,77007/77055,Low,380000,409000,380000,3.1,3,2134,1650,2001,46,Birdsall Twnhms
5916 Kansas Street Unit#B,77007,77007/77055,Low,380000,392500,380000,2.1,2,1963,1404,2005,46,Park at Kansas
1528 Birdsall Street,77007,77007/77055,Low,380000,400000,380000,2.1,3,2756,2875,2006,3,Woodcrest
2123 Ridgecrest Drive,77055,77007/77055,Low,380000,415000,380000,2.0,3,1940,8250,1955,163,Springdale Sec 02
8514 Montridge Drive,77055,77007/77055,Low,380000,409999,380000,1.0,3,1272,8588,1952,262,Ridgecrest Sec 02
8518 Montridge Drive,77055,77007/77055,Low,380000,409999,380000,1.0,3,1212,8659,1952,262,Ridgecrest Sec 02
8504 Kolbe Village Way,77055,77007/77055,Low,379700,379700,379700,3.1,3,1878,1409,2025,148,Kolbe Square
8546 Western Drive,77055,77007/77055,Low,379000,389000,379000,1.0,3,1350,8400,1960,693,Ridgecrest
5202 Washington Avenue,77007,77007/77055,Low,378000,378000,378000,2.0,3,1700,1946,2004,37,Washington Square
5956 Kansas Street,77007,77007/77055,Low,377500,394000,377500,2.0,3,1425,1578,2005,5,Kansas Street Place
512 Threlkeld Street,77007,77007/77055,Low,377500,409000,377500,2.0,3,1288,5000,1920,236,Usener
3930 Feagan Street,77007,77007/77055,Low,375000,389900,375000,3.1,3,2292,3129,2007,236,Feagan Street Casitas
2223 Marnel Road Unit#D,77055,77007/77055,Low,375000,381900,375000,3.1,3,1778,1704,2025,0,YOCUM GARDENS
2304 Kolbe Cold Springs Lane,77055,77007/77055,Low,374990,379900,374990,3.1,3,2137,NULL,2025,299,Kolbe Square
2221 Marnel Road Unit#B,77055,77007/77055,Low,374900,374900,374900,3.1,3,1778,1488,2026,34,YOCUM GARDENS
5817 Darling Street Unit#A,77007,77007/77055,Low,374000,395000,374000,2.1,3,1890,1844,2006,120,Contemporary Park Sec 08 Pt
5665 Larkin Street,77007,77007/77055,Low,373000,395000,373000,2.1,3,2161,2319,2003,56,Contemporary Park Sec 04
1707 Crockett Street Unit#C,77007,77007/77055,Low,370000,370000,370000,2.1,2,1464,1948,2014,4,Trails/Crockett
616 Birdsall Street,77007,77007/77055,Low,370000,350000,370000,2.1,2,1464,2500,1982,2,Rice Military
2418 Roy Circle,77007,77007/77055,Low,370000,399000,370000,1.0,3,1214,6430,1955,40,Cottage Oaks
1618 Antoine Drive,77055,77007/77055,Low,370000,415000,370000,2.0,3,1323,9366,1956,17,Pine Terrace
2308 Springwood Cove Lane,77055,77007/77055,Low,369900,389900,369900,3.1,3,1624,1509,2026,58,Springwood Villas
1393 Studer Street,77007,77007/77055,Low,369000,375000,369000,2.1,2,1784,2085,2006,120,Memorial Park Village 02 Pt
1902 Luna Woods Lane,77055,77007/77055,Low,369000,369700,369000,2.1,3,1653,NULL,2026,0,Johanna Place
8321 Springwood Creek Lane,77055,77007/77055,Low,369000,369900,369000,3.1,3,1664,1403,2025,260,SPRINGWOOD VILLAS
5806 Kansas Street Unit#D,77007,77007/77055,Low,367450,360000,367450,2.1,2,1828,1407,2006,18,Park/Sherwin
5813 Katy Street,77007,77007/77055,Low,365000,375000,365000,2.1,2,1706,1525,2006,20,Cottage Grove
4443 Spencer Street,77007,77007/77055,Low,365000,369900,365000,2.1,2,1282,1596,2004,15,Patterson Ave Carriage Hms
1815 Radcliffe Street,77007,77007/77055,Low,364000,379900,364000,2.1,3,1600,1535,2009,159,Riverway Court
5821 Washington Avenue,77007,77007/77055,Low,364000,390000,364000,2.1,3,1714,2902,2005,37,Riverwood/Washingtonsec 01
2303 Roy Circle,77007,77007/77055,Low,360000,399500,360000,1.0,3,1343,7260,1955,92,Cottage Oaks
10010 Westview Drive,77055,77007/77055,Low,360000,370000,360000,2.0,3,1699,8680,1955,12,Spring Branch Woods
1457 Confederate Road,77055,77007/77055,Low,360000,399000,360000,2.0,3,1523,10500,1952,47,Long Point Woods
7805 Amelia Road Unit#B,77055,77007/77055,Low,359900,359900,359900,3.1,3,1724,1553,2025,214,Amelia Oaks
5008 Schuler Street,77007,77007/77055,Low,358500,359900,358500,2.1,3,1497,1895,2006,9,Schuler Place Gardens
7807 Amelia Road Unit#B,77055,77007/77055,Low,356500,359900,356500,3.1,3,1724,1553,2025,276,Amelia Oaks
1376 Studer Street,77007,77007/77055,Low,355000,364900,355000,2.0,2,1663,1876,2005,137,Memorial Park Village
8303 Springwood Creek Lane,77055,77007/77055,Low,355000,369900,355000,3.1,3,1664,1514,2025,406,SPRINGWOOD VILLAS
3825 Centerplaza Drive,77007,77007/77055,Low,350000,355000,350000,2.0,2,1277,1401,2005,2,Rice Military
1707 Crockett Street Unit#A,77007,77007/77055,Low,350000,359000,350000,2.1,2,1464,1523,2014,93,Trails/Crockett
1705 Crockett Street Unit#B,77007,77007/77055,Low,350000,355000,350000,2.1,2,1464,1523,2014,29,Trails/Crockett
2527 Roy Circle,77007,77007/77055,Low,350000,375000,350000,2.0,3,1582,6450,1955,307,Cottage Oaks
1210 Cedarpost Tree Springs Place Unit#P,77055,77007/77055,Low,350000,385000,350000,2.1,3,2230,1769,2017,99,Cedarpost Square
8302 Springwood Canyon Lane,77055,77007/77055,Low,349900,349900,349900,2.1,3,1550,1784,2025,467,Springwood Villas
7707 Johanna Park Drive,77055,77007/77055,Low,349400,355000,349400,2.1,3,1579,1890,2022,11,Johanna Lndg
6906 Raton Street,77055,77007/77055,Low,349200,365000,349200,1.0,3,835,7200,1950,15,Pine Terrace
5976 Kansas Street,77007,77007/77055,Low,348500,359000,348500,3.3,3,1978,1578,2005,73,Kansas Street Place
5817 Katy Street,77007,77007/77055,Low,345000,375000,345000,2.1,2,1706,1446,2007,39,Cottage Grove Sec 04
7930 Cedel Drive,77055,77007/77055,Low,345000,350000,345000,2.0,3,1700,7700,1959,5,Springdale Sec 02
8311 Brecha Lane,77055,77007/77055,Low,345000,350000,345000,3.1,3,1790,1401,2022,258,Estates/Pech Road Reserve B C
4334 Spencer Street,77007,77007/77055,Low,340000,345000,340000,2.1,2,1700,1938,2006,4,Upper West End
9825 Westview Drive,77055,77007/77055,Low,340000,350000,340000,3.0,3,1780,8400,1955,6,Spring Branch Woods Sec 01
8305 Springwood Creek Lane,77055,77007/77055,Low,339900,339900,339900,2.1,3,1365,1452,2025,280,SPRINGWOOD VILLAS
5219 Kiam Street Unit#E,77007,77007/77055,Low,330000,365000,330000,2.1,2,1937,1406,2004,48,Millennium Patio Homes/Kiam
9610 Westview Drive,77055,77007/77055,Low,330000,389000,330000,2.0,3,1650,8580,1954,2,Long Point Woods
1806 State Street,77007,77007/77055,Low,325000,375000,325000,1.0,3,1400,3400,1910,218,Baker W R Nsbb
1841 Huge Oaks Street,77055,77007/77055,Low,325000,349995,325000,1.0,3,1318,6760,1955,7,Glenview Sec 02
1320 Lakin Street Unit#B,77007,77007/77055,Low,323000,325000,323000,3.1,3,2230,2391,2007,7,Lakin Street T H
8319 Springwood Canyon Lane,77055,77007/77055,Low,320000,339900,320000,2.1,3,1750,1380,2024,613,Springwood Villas
1812 Woodbend Village Court,77055,77007/77055,Low,320000,330000,320000,2.0,2,1716,2700,2008,18,Woodbend Village
7709 Kivu Lane,77055,77007/77055,Low,320000,320000,320000,2.1,3,1537,1422,2020,27,Jacquelyn Vista
7906 Hammerly Boulevard,77055,77007/77055,Low,318150,350000,318150,2.0,3,1799,11230,1955,22,Springdale
7707 Kivu Lane,77055,77007/77055,Low,317000,317000,317000,2.1,3,1537,1422,2020,71,Jacquelyn Vista
8046 Turquoise Lane,77055,77007/77055,Low,316800,315000,316800,2.0,3,1304,7521,1954,8,Springdale
1602 Colorado Street,77007,77007/77055,Low,315000,329000,315000,2.0,2,1842,2004,2006,125,Sawyer Heights
7713 Rainbow Close Lane,77055,77007/77055,Low,310000,310000,310000,2.1,3,1589,1410,2020,48,Colina Homes/Jacquelyn Drive
7950 Longridge Drive,77055,77007/77055,Low,310000,340000,310000,2.0,3,1954,7630,1955,11,Ridgecrest Sec 05
7938 Hammerly Boulevard,77055,77007/77055,Low,305000,315000,305000,2.0,5,2026,7630,1956,175,Springdale
1606 Antoine Drive,77055,77007/77055,Low,299900,299900,299900,1.1,3,1290,8016,1957,4,Pine Terrace Sec 03
7707 Nasser Lane,77055,77007/77055,Low,298500,310000,298500,2.1,3,1660,1422,2020,68,Jacquelyn Vista
1206 Shearn Street,77007,77007/77055,Low,290000,300000,290000,1.0,2,872,5000,1935,58,Baker Nsbb
7703 Rainbow Close Lane,77055,77007/77055,Low,290000,299990,290000,2.1,3,1589,1400,2021,391,COLINA HOMES ON JACQUELYN DRIVE
2219 Silverbonnet Street,77055,77007/77055,Low,289000,289000,289000,1.0,3,1137,7560,1955,13,Hilldale
2306 Crockett Street,77007,77007/77055,Low,285000,295000,285000,1.0,2,748,4000,1930,301,Shearn
1310 Beachton Street,77007,77007/77055,Low,282000,299000,282000,1.0,1,752,4340,1890,23,First Ward/Arts District/Sawyer Heights
1946 Pech Road,77055,77007/77055,Low,281000,330000,281000,1.0,3,1460,7995,1950,84,Ridgecrest Sec 01
9514 Retriever Way,77055,77007/77055,Low,280000,349999,280000,2.1,3,1540,1581,2020,86,Cedarpost Park
2030 Marnel Road,77055,77007/77055,Low,280000,300000,280000,2.0,3,1552,8281,1950,160,Ridgecrest 4
1933 Lynnview Drive,77055,77007/77055,Low,276000,397994,276000,1.1,3,1454,6760,1955,14,Glenview Sec 01
8110 Cedel Drive,77055,77007/77055,Low,270000,295000,270000,2.0,3,1543,7668,1958,35,Springdale Sec 02
1828 Woodbend Village Court,77055,77007/77055,Low,270000,270000,270000,2.1,2,1265,2171,2005,84,Woodbend Village
7706 Cedel Drive,77055,77007/77055,Low,250000,279000,250000,2.0,3,1676,6485,1958,69,Silberbonnet Place
5217 Kansas Street,77007,77007/77055,Low,240000,249000,240000,1.0,2,NULL,4025,NULL,27,Cottage Grove Sec 01
7702 Cedel Drive,77055,77007/77055,Low,231500,245000,231500,1.0,3,1392,9065,1958,12,Silverbonnet Place
8001 Hammerly Boulevard,77055,77007/77055,Low,230000,259900,230000,2.0,3,1472,8175,1952,35,Ridgecrest Sec 05
7942 Hammerly Boulevard,77055,77007/77055,Low,215000,250000,215000,2.1,3,2044,7630,1953,26,Springdale
2119 Counter Point Drive,77055,77007/77055,Low,200000,240000,200000,1.0,3,1298,7392,1955,1,Long Point Oaks
11530 Shoshone Road,77055,77007/77055,Low,160000,175000,160000,1.0,3,1430,7200,1956,14,Harwood Terrace Sec 02
2003 Thonig Road,77055,77007/77055,Low,157500,170000,157500,1.1,3,1068,5300,1960,147,ABST 269 J FLOWERS
11802 Sendera Lane,77407,77498/77407,Expensive,2600000,2888000,2600000,5.2,5,8705,65340,2003,118,Shiloh Lake Estates
22 Crown Grove,77498,77498/77407,Expensive,1700000,1650000,1700000,5.1,5,6494,11900,2017,30,Crown Garden At Imperial Sec 1b
4903 Shiloh Lake Drive,77407,77498/77407,Expensive,1225000,1590000,1225000,4.2,5,4886,77256,1997,434,Shiloh Lake Estates
11315 Rossie Moor Lane,77407,77498/77407,Expensive,1120000,1150000,1120000,5.1,5,5236,18182,2016,170,ALIANA
11823 Kirkshaw Drive,77407,77498/77407,Expensive,1100000,1200000,1100000,5.1,5,5469,17588,2019,75,Aliana Sec 52
190 Monarch Trail,77498,77498/77407,Expensive,1090000,1098880,1090000,4.1,4,4591,9940,2017,250,Imperial
11607 Kirkshaw Drive,77407,77498/77407,Expensive,1086411,1200000,1086411,4.1,5,5305,13855,2019,8,Aliana Sec 52
11514 Westmoor Drive,77407,77498/77407,Expensive,1060000,1127000,1060000,4.1,4,4238,12407,2020,10,Aliana Sec 51
10614 Pearl Landing Drive,77407,77498/77407,Expensive,1020000,1075000,1020000,4.1,5,5387,9789,2014,47,Aliana Sec 8
11230 Balmullo Court,77407,77498/77407,Expensive,1007000,1038000,1007000,4.1,5,4197,10486,2018,25,Aliana Sec 43 Rep 1
11215 Rattray Court,77407,77498/77407,Expensive,1000000,1048000,1000000,4.1,5,4250,9701,2018,9,Aliana
18310 Handyside Drive,77407,77498/77407,Expensive,980000,1000000,980000,4.1,5,4180,9904,2018,76,Aliana Sec 60
12059 Coplaw Street,77407,77498/77407,Expensive,950000,999000,950000,4.1,5,3993,11510,2021,210,Aliana Sec 68
17307 Daylamani Drive,77407,77498/77407,Expensive,912379,995000,912379,5.2,5,5213,17599,2015,142,Aliana Sec
11319 Sandhaven Drive,77407,77498/77407,Expensive,890000,908000,890000,4.2,5,4225,11466,2017,3,Aliana
76 Scepter Ridge,77498,77498/77407,Expensive,884000,899000,884000,3.1,4,4208,8401,2018,10,Crown Garden At Imperial Sec 2a
11722 Balmartin Drive,77407,77498/77407,Expensive,875000,879000,875000,4.2,4,4152,10702,2019,7,Aliana Sec 63
42 Zenith Lane,77498,77498/77407,Expensive,866000,889000,866000,5.0,5,4450,7920,2019,7,Crown Garden At Imperial Sec 2c
38 Scepter Ridge,77498,77498/77407,Expensive,865000,899000,865000,4.1,5,4252,8413,2017,14,Imperial
23 Quiet Path Drive,77498,77498/77407,Expensive,865000,875000,865000,2.2,3,3436,8558,2014,15,Imperial
18322 Handyside Drive,77407,77498/77407,Expensive,860000,899000,860000,5.1,5,4028,9840,2017,126,1001-60 - Aliana Sec 60
11314 Aberdour Drive,77407,77498/77407,Expensive,850000,850000,850000,4.2,5,4237,11520,2017,3,Aliana Sec 41
3811 Lakeridge Canyon Drive,77498,77498/77407,Expensive,845000,850000,845000,5.1,6,5049,12926,2003,110,Orchard Lake Estates Sec 1
118 6th Street,77498,77498/77407,Expensive,832450,839900,832450,3.0,4,3313,10389,2017,6,S M Williams
17222 Endel Way,77407,77498/77407,Expensive,831500,864900,831500,5.1,5,5025,14390,2014,378,Aliana Sec 17
14 Monarch Court Court,77498,77498/77407,Expensive,830000,875000,830000,4.1,5,4577,8409,2017,478,Crown Garden At Imperial
10503 Fasig Tipton Lane,77407,77498/77407,Expensive,827000,839900,827000,5.1,5,4927,14981,2015,183,Aliana Sec 15
10506 Fasig Tipton Lane,77407,77498/77407,Expensive,815000,825000,815000,4.1,5,4620,14545,2014,14,Aliana Sec 15
17539 Hankar Way,77407,77498/77407,Expensive,815000,825000,815000,4.1,5,4289,12751,2013,119,Aliana Sec 4
47 Monarch Trail,77498,77498/77407,Expensive,800000,829900,800000,3.1,4,3834,9466,2016,465,Crown Garden At Imperial
934 Poydras Street,77498,77498/77407,Expensive,795000,839000,795000,3.1,4,4216,8441,2007,309,The Estates Of Oyster Creek
17403 Hanoverian Drive,77407,77498/77407,Expensive,795000,799900,795000,5.1,5,4504,9411,2010,55,Aliana
17203 Milrig Court,77407,77498/77407,Expensive,795000,795000,795000,4.1,5,4401,16331,2014,77,Aliana Sec 26
17323 Tomintoul Path,77407,77498/77407,Expensive,794000,818000,794000,4.0,5,3900,8682,2015,8,Aliana Sec 33
9406 Sweet Palm Street,77407,77498/77407,Expensive,779727,779727,779727,4.1,5,3584,7800,2025,0,Trillium
67 Zenith Lane,77498,77498/77407,Expensive,778000,889000,778000,4.0,5,3409,10335,2020,16,Crown Garden At Imperial Sec 2c
17002 Pitkennedy Path,77407,77498/77407,Expensive,770715,799000,770715,4.1,5,4073,9100,2016,15,Aliana Sec 45
17306 Kilmahew Place,77407,77498/77407,Expensive,768000,785000,768000,3.1,4,3718,13250,2016,191,Aliana Sec 36
18326 Red Dahlia Road,77407,77498/77407,Expensive,754954,844954,754954,4.1,5,4091,10256,2026,12,Trillium
11726 Balmartin Drive,77407,77498/77407,Expensive,725000,788000,725000,3.0,4,3704,10631,2019,65,Aliana Sec 63
3903 Orchard Club Drive,77407,77498/77407,Expensive,725000,735000,725000,4.1,5,4893,11139,2008,9,Old Orchard Sec 1
10406 Shanley Landing Court,77407,77498/77407,Expensive,725000,745000,725000,4.0,4,3936,10909,2009,51,Aliana
18407 Red Dahlia Road,77407,77498/77407,Expensive,725000,798439,725000,4.0,5,4091,9312,2025,77,Trillium
9315 Sweet Palm Street,77407,77498/77407,Expensive,723577,723577,723577,3.0,4,2998,9542,2025,9,Trillium
9318 Daisy Valley Drive,77407,77498/77407,Expensive,720000,749148,720000,4.0,5,3976,10428,2025,80,Trillium
9322 Sweet Palm Street,77407,77498/77407,Expensive,712285,743049,712285,4.1,5,4135,7800,2026,98,Trillium
67 Quiet Vista Drive,77498,77498/77407,Expensive,703000,725000,703000,3.0,3,2697,8601,2016,163,Quiet Cove At Imperial
18303 Red Dahlia Road,77407,77498/77407,Expensive,702506,782506,702506,4.1,5,3788,14157,2025,47,Trillium
9310 Sweet Palm Street,77407,77498/77407,Expensive,700777,723790,700777,4.0,5,3773,7800,2026,236,Trillium
18006 Glenlora Court,77407,77498/77407,Expensive,700000,724900,700000,3.1,3,2940,10968,2016,25,Aliana Sec 44
10410 Shanley Trace Lane,77407,77498/77407,Expensive,700000,739000,700000,4.2,4,4696,11057,2010,274,Aliana Sec 10
9307 Daisy Valley Drive,77407,77498/77407,Expensive,700000,739512,700000,4.0,5,3949,7801,2025,133,Trillium
9327 Sweet Palm Street,77407,77498/77407,Expensive,698000,769861,698000,4.0,5,4091,8257,2025,83,Trillium
13102 Cameron Crest Lane,77498,77498/77407,Expensive,692000,725000,692000,4.0,5,4693,12816,2004,12,Orchard Lake Estates
13011 Windmill Grove Drive,77407,77498/77407,Expensive,688000,719000,688000,4.1,4,5006,12032,2009,50,Old Orchard Sec 4
17518 Zinnia Dawn Drive,77407,77498/77407,Expensive,687525,728880,687525,4.1,5,3809,8981,2024,198,Trillium
17314 Barzun Way,77407,77498/77407,Expensive,687000,720000,687000,3.1,5,4404,9103,2015,64,Aliana Sec 33
18411 Dogwood Field Drive,77407,77498/77407,Expensive,680000,739219,680000,4.1,5,4091,9526,2026,146,Trillium
10810 Croftmore Drive,77407,77498/77407,Expensive,680000,699990,680000,3.1,4,3442,8170,2016,116,Aliana Sec 54
9411 Sweet Palm Street,77407,77498/77407,Expensive,676000,689496,676000,4.1,4,3491,8176,2025,235,Trillium
18330 Magnolia Valley Lane,77407,77498/77407,Expensive,676000,699999,676000,4.1,4,3491,8450,2025,153,Trillium
5703 Eden Crest Court,77407,77498/77407,Expensive,675000,725000,675000,4.1,6,4395,16866,2015,123,Long Meadow Farms Sec 30
11507 Taagan Lane,77407,77498/77407,Expensive,675000,715000,675000,4.1,5,3985,8679,2019,52,Aliana Sec 64
9311 Daisy Valley Drive,77407,77498/77407,Expensive,675000,729970,675000,4.1,5,4154,7801,2025,56,Trillium
9423 Sweet Palm Street,77407,77498/77407,Expensive,674000,727630,674000,4.1,5,3690,12113,2025,281,Trillium
18327 Magnolia Valley Lane,77407,77498/77407,Expensive,673652,797400,673652,4.0,5,3733,8675,2026,43,Trillium
11123 Dowbeck Ave,77407,77498/77407,Expensive,670000,670000,670000,3.1,4,3554,12704,2015,3,Aliana Sec
9402 Sweet Palm Lane,77407,77498/77407,Expensive,670000,786565,670000,4.1,5,3970,7800,2025,85,Trillium
18339 Magnolia Valley Lane,77407,77498/77407,Expensive,665120,699170,665120,4.1,5,3584,8350,2026,35,Trillium
17202 Whitlam Place,77407,77498/77407,Expensive,660000,675000,660000,4.0,4,3639,9243,2016,24,Aliana Sec 45
9310 Daisy Valley Drive,77407,77498/77407,Expensive,660000,759837,660000,5.1,5,3970,8320,2026,100,Trillium
13107 Catalina Grove Lane,77407,77498/77407,Expensive,660000,674900,660000,4.1,6,4223,9462,2008,21,Old Orchard Sec 3
5707 Violet Ridge Drive,77407,77498/77407,Expensive,660000,674900,660000,4.1,5,4016,8004,2025,129,Stonecreek Estates
9318 Sweet Palm Street,77407,77498/77407,Expensive,660000,699879,660000,3.1,4,4020,7800,2026,83,Trillium
9414 Sweet Palm Street,77407,77498/77407,Expensive,660000,699958,660000,4.1,5,4118,7800,2026,130,Trillium
18315 Red Dahlia Road,77407,77498/77407,Expensive,660000,689959,660000,3.1,4,4020,8681,2026,141,Trillium
18415 Red Dahlia Road,77407,77498/77407,Expensive,659869,699530,659869,3.1,4,4074,7813,2025,186,Trillium
9642 Pink Lotus Court,77407,77498/77407,Expensive,657379,661779,657379,4.1,5,3198,8415,2025,103,Trillium
17431 Endel Way,77407,77498/77407,Expensive,655000,699000,655000,3.1,4,3594,11097,2012,102,Aliana Sec 4
10815 Ashland Bridge Lane,77498,77498/77407,Expensive,655000,649000,655000,3.1,5,5046,11414,2003,131,Woodbridge Estates
9410 Sweet Palm Street,77407,77498/77407,Expensive,651700,686700,651700,4.0,5,3611,7800,2025,209,Trillium
11718 Balmartin Drive,77407,77498/77407,Expensive,650000,659000,650000,3.0,4,2803,11569,2020,7,Aliana Sec 63
18311 Magnolia Valley Lane,77407,77498/77407,Expensive,650000,682280,650000,4.1,5,3544,8100,2026,163,Trillium
17210 Newtonmore Crossing,77407,77498/77407,Expensive,649000,659000,649000,3.0,4,3527,8894,2015,207,Aliana Sec 46
21015 Arden Park Drive,77407,77498/77407,Expensive,649000,649999,649000,4.1,5,3998,12502,2016,90,Long Meadow Farms Sec 40
15114 Beech Fork,77498,77498/77407,Expensive,640000,660000,640000,4.0,5,4312,13780,2003,70,Woodbridge Estates Sec 2
9618 Seaside Daisy Lane,77407,77498/77407,Expensive,638154,638154,638154,4.1,5,3178,6890,2025,51,Trillium
5719 Chambering Court,77407,77498/77407,Expensive,635000,645000,635000,4.1,5,4379,9618,2014,100,Long Meadow Farms
1819 Candle Light Court,77498,77498/77407,Expensive,631250,649000,631250,4.1,4,3934,9580,2005,6,Gannoway Lake Estates Sec 2
14310 Manorbier Lane,77498,77498/77407,Expensive,630000,659000,630000,4.0,6,3754,6971,2004,6,Chelsea Harbour Sec 2
18407 Dogwood Field Drive,77407,77498/77407,Expensive,630000,699929,630000,4.0,4,3335,9526,2026,46,Trillium
18322 Red Dahlia Road,77407,77498/77407,Expensive,630000,689276,630000,3.1,4,3443,12379,2026,122,Trillium
14227 Hawkesbury Court,77498,77498/77407,Expensive,630000,638000,630000,4.0,5,3634,7298,2005,19,Chelsea Harbour
9303 Daisy Valley Drive,77407,77498/77407,Expensive,629227,629227,629227,3.1,4,3443,9097,2025,113,Trillium
18319 Red Dahlia Road,77407,77498/77407,Expensive,625097,639890,625097,3.1,4,3406,8681,2025,223,Trillium
18511 Winford Arbor Lane,77407,77498/77407,Expensive,625000,649900,625000,3.1,6,4363,8947,2016,98,Grand Vista Sec 12
18330 Red Dahlia Road,77407,77498/77407,Expensive,620000,699262,620000,3.1,4,3453,9879,2026,56,Trillium
18310 Dogwood Field Drive,77407,77498/77407,Expensive,620000,653780,620000,3.1,4,3407,8101,2025,253,Trillium
18338 Magnolia Valley Lane,77407,77498/77407,Expensive,620000,699989,620000,4.0,5,3649,7500,2025,209,Trillium
5203 Auckland Drive,77498,77498/77407,Expensive,620000,640000,620000,3.1,5,4237,6383,2006,61,Chelsea Harbour
18411 Red Dahlia Road,77407,77498/77407,Expensive,619601,619601,619601,3.1,4,3439,7822,2025,133,Trillium
18410 Red Dahlia Road,77407,77498/77407,Expensive,617550,644700,617550,3.1,4,2998,9299,2026,104,Trillium
5322 Mornington Drive,77498,77498/77407,Expensive,614250,615000,614250,3.1,5,3361,6515,2007,97,Chelsea Harbour Sec 2
17931 Primrose Grove Drive,77407,77498/77407,Expensive,611619,650988,611619,4.1,5,3150,7100,2025,34,Trillium
9618 Pink Lotus Court,77407,77498/77407,Expensive,610000,691080,610000,4.0,5,3230,6484,2025,6,Trillium
4414 Tilbury Trail,77407,77498/77407,Expensive,608000,645000,608000,3.2,4,3852,7150,2016,296,Windsor Estates Sec 2
9634 Pink Lotus Court,77407,77498/77407,Expensive,605000,642090,605000,4.1,5,3178,7707,2026,21,Trillium
18411 Kilbowie Place,77407,77498/77407,Expensive,605000,640000,605000,3.1,4,3381,7095,2019,31,Aliana Sec 65
17803 Netherby Lane,77407,77498/77407,Expensive,605000,625000,605000,3.1,3,3036,8400,2014,68,Aliana Sec 18
13735 Contour Ct,77407,77498/77407,Expensive,602000,630000,602000,3.2,4,3924,8932,2014,128,Windsor Estates
20907 Tranquil Shores Drive,77407,77498/77407,Expensive,600000,635000,600000,3.0,4,3540,12213,2013,71,Lakemont Shores
12303 Dunkeld Court,77407,77498/77407,Expensive,600000,620000,600000,4.0,5,3164,11917,2021,195,ALIANA
21115 BRUNSON FALLS Drive,77407,77498/77407,Expensive,599000,599900,599000,3.1,4,3647,7740,2014,116,Long Meadow Farms Sec 32
9003 Alps Peak Court,77407,77498/77407,Expensive,595000,625000,595000,3.1,6,4542,13634,2015,37,Grand Vista
9614 Pink Lotus Court,77407,77498/77407,Expensive,595000,619810,595000,4.1,5,3178,NULL,2026,118,Trillium
20830 Bighorn Valley Lane,77407,77498/77407,Expensive,595000,624999,595000,4.1,4,3530,8400,2018,155,Long Meadow Farms
20910 Cordell Landing Drive,77407,77498/77407,Expensive,592500,625000,592500,3.1,5,3585,8045,2013,52,Lakemont Shores
13222 Dusty Grove Lane,77498,77498/77407,Expensive,590000,604000,590000,3.1,4,3681,14782,2001,43,Orchard Lake Estates
17611 Lynedoch Lane,77407,77498/77407,Expensive,590000,610000,590000,3.0,4,3007,9755,2018,155,Aliana Sec 41
9602 Starry Eyes Lane,77407,77498/77407,Expensive,589999,644990,589999,4.1,5,3318,6218,2025,132,Trillium
11106 Wishaw Way,77407,77498/77407,Expensive,588000,598000,588000,3.1,4,3288,9724,2015,79,Aliana Sec 46
17942 Carnation Glen Drive,77407,77498/77407,Expensive,587897,599999,587897,4.1,5,3327,7170,2025,20,Trillium
19707 Mission Pines Lane,77407,77498/77407,Expensive,587500,600000,587500,3.1,4,3737,9446,2008,371,Grand Mission Estates
14306 Manorbier Lane,77498,77498/77407,Expensive,585000,595000,585000,3.1,4,2925,6585,2004,6,Chelsea Harbour Sec 2
9619 Pink Lotus Court,77407,77498/77407,Expensive,585000,597626,585000,3.0,4,3289,6571,2025,162,Trillium
17826 Carnation Glen Drive,77407,77498/77407,Expensive,585000,589999,585000,4.1,5,3327,6500,2025,142,Trillium
1002 Millstone Court,77498,77498/77407,Expensive,580000,575000,580000,4.1,4,3178,9780,1987,12,"Sugarmill, Sugar Mill"
6023 Painted Rock Trail,77407,77498/77407,Expensive,580000,619999,580000,3.1,3,3189,8400,2018,122,Long Meadow Farms Sec 43
18323 Red Dahlia Road,77407,77498/77407,Expensive,580000,645890,580000,3.0,4,2998,8805,2025,22,Trillium
17715 NETHERBY LANE,77407,77498/77407,Expensive,580000,599990,580000,3.0,3,2960,12519,2013,167,ALIANA Sec 18
20718 Barrington Meadow Trace,77407,77498/77407,Expensive,580000,599999,580000,4.0,5,3708,8127,2019,90,Fieldstone
17946 Carnation Glen Drive,77407,77498/77407,Expensive,580000,603270,580000,4.1,5,3178,6500,2025,217,Trillium
17019 Mahogany Trace Lane,77407,77498/77407,Expensive,575000,585000,575000,3.1,4,3766,8040,2013,215,Aliana Sec 2
10806 Poolman Place,77407,77498/77407,Expensive,575000,575000,575000,3.1,3,2771,9579,2014,7,Aliana Sec 18
18307 Red Dahlia Road,77407,77498/77407,Expensive,575000,589998,575000,3.1,4,3039,7813,2025,258,Trillium
9618 Foxwood Meadow Lane,77407,77498/77407,Expensive,575000,701634,575000,3.0,4,3289,7069,2026,27,Trillium
17519 Murrayfield Court,77407,77498/77407,Expensive,575000,640000,575000,3.1,4,3578,8266,2015,73,Aliana Sec 20 Pt Rep 1
17918 Carnation Glen Drive,77407,77498/77407,Expensive,575000,599989,575000,4.1,5,3178,6500,2025,125,Trillium
9403 Sweet Palm Street,77407,77498/77407,Expensive,575000,598763,575000,3.1,4,3039,8228,2025,133,Trillium
21135 Breezy Shore Lane,77407,77498/77407,Expensive,570000,610000,570000,3.1,5,4250,11880,2009,29,Lakemont Cove
17643 Tulip Meadow,77407,77498/77407,Expensive,570000,653889,570000,3.0,4,3184,6505,2025,58,Trillium
9606 Starry Eyes Lane,77407,77498/77407,Expensive,569520,649989,569520,4.1,5,3150,6236,2025,61,Trillium
14306 Jaubert Court,77498,77498/77407,Expensive,565000,569000,565000,3.0,4,3284,6902,2003,292,Chelsea Harbour Sec 1
17106 Nitshill Lane,77407,77498/77407,Expensive,565000,569990,565000,3.1,4,3234,7560,2014,122,Aliana
10810 Poolman Place,77407,77498/77407,Expensive,565000,584999,565000,3.1,3,2885,9999,2014,23,Aliana Sec 18
17626 Quiet Shores Drive,77407,77498/77407,Expensive,561740,479000,561740,3.0,4,2989,7440,2012,193,Aliana
18111 Kersland Court,77407,77498/77407,Expensive,560000,575000,560000,3.1,3,3335,8669,2017,157,Aliana Sec 44
13042 Sheildaig Street,77407,77498/77407,Expensive,560000,589000,560000,3.1,4,2620,15829,2021,104,Aliana
13931 HIDDEN LAKE Lane,77498,77498/77407,Expensive,560000,585000,560000,2.2,3,3504,12348,1993,0,"SUGARMILL, SUGAR MILL"
9615 Foxwood Meadow Lane,77407,77498/77407,Expensive,560000,659005,560000,3.0,4,3140,5058,2025,130,Trillium
8006 Pacific Spring Lane,77407,77498/77407,Expensive,560000,570000,560000,2.1,3,2884,10036,2011,24,Lakemont Shores
19914 Oakland Knoll Circle,77407,77498/77407,Expensive,560000,550000,560000,2.0,3,2569,10001,2018,5,Grand Mission Estates Sec 4
11015 Glencorse Avenue,77407,77498/77407,Expensive,558000,580000,558000,3.0,4,3018,7727,2018,49,Aliana Sec 57
11110 Staffin Way,77407,77498/77407,Expensive,554000,579000,554000,3.0,4,3594,7802,2015,91,Aliana Sec 20 Pt Rep 1
19914 Ryans Colony Lane,77407,77498/77407,Expensive,554000,565000,554000,3.0,4,3091,7971,2021,2,Grand Mission Estates Sec 22
1251 Misty Lake Court,77498,77498/77407,Expensive,553000,570000,553000,3.0,4,2514,5645,1991,4,Sugarmill Sec 7
9603 Starry Eyes Lane,77407,77498/77407,Expensive,550000,646977,550000,4.0,5,3167,7437,2026,54,Trillium
6022 Allendale Ridge Trail,77407,77498/77407,Expensive,550000,549900,550000,3.1,4,4182,8125,2016,288,Fieldstone
9626 Pink Lotus Court,77407,77498/77407,Expensive,550000,569977,550000,3.0,4,3140,6533,2025,90,Trillium
11134 Croftmore Drive,77407,77498/77407,Expensive,550000,564900,550000,3.0,4,2935,7190,2018,21,Aliana
9615 Starry Eyes Lane,77407,77498/77407,Expensive,549986,589314,549986,4.0,5,3197,6979,2025,70,Trillium
13419 Orchard Shadows Drive,77407,77498/77407,Expensive,548000,548000,548000,3.0,4,3235,10800,2008,7,Old Orchard Sec 6
14242 Nelson Bay Court,77498,77498/77407,Expensive,547500,559990,547500,3.1,4,2886,5249,2005,10,Chelsea Harbour Sec 2
414 Lakeview Drive,77498,77498/77407,Expensive,545000,545000,545000,2.0,3,1853,11500,1958,300,Cleveland Lake Sub Sec 3
9606 Foxwood Meadow Lane,77407,77498/77407,Expensive,545000,599989,545000,4.0,5,2935,7666,2026,153,Trillium
12502 Kinmundy Lane,77407,77498/77407,Expensive,545000,555555,545000,3.1,4,2778,7426,2020,264,Aliana Sec 66
17123 Chalmers Close Court,77407,77498/77407,Expensive,543000,548000,543000,3.0,4,2862,7809,2014,11,Aliana Sec 28
17951 Primrose Grove Drive,77407,77498/77407,Expensive,542757,554764,542757,4.0,5,2684,6764,2025,251,Trillium
17914 Primrose Grove Drive,77407,77498/77407,Expensive,540000,597733,540000,3.0,4,3159,6625,2026,128,Trillium
9611 Starry Eyes Lane,77407,77498/77407,Expensive,540000,558962,540000,3.0,4,3159,6712,2025,169,Trillium
3906 Lakeridge Canyon Drive,77498,77498/77407,Expensive,540000,535000,540000,3.1,4,3472,8519,2002,18,Orchard Lake Estates Sec 1
9615 Pink Lotus Court,77407,77498/77407,Expensive,539000,539479,539000,3.0,4,3184,6582,2025,196,Trillium
20842 Bighorn Valley Lane,77407,77498/77407,Expensive,538000,549900,538000,3.0,4,2919,8400,2017,29,Long Meadow Farms Sec 43
1115 Mariner Cove,77498,77498/77407,Expensive,537145,550000,537145,2.1,3,2423,6126,1992,195,Sugarmill Sec 7
19802 Quarry Stone Lane,77407,77498/77407,Expensive,535400,537900,535400,4.1,4,2954,15627,2018,4,Grand Mission Estates
9626 Starry Eyes Lane,77407,77498/77407,Expensive,535000,576418,535000,3.0,4,3140,6286,2025,185,Trillium
15106 Oldtown Bridge Court,77498,77498/77407,Expensive,535000,589000,535000,4.1,5,4215,12635,2003,183,Woodbridge Estates Sec 2
9618 Starry Eyes Lane,77407,77498/77407,Expensive,535000,585780,535000,4.0,5,2596,6312,2025,48,Trillium
17127 Chalmers Close Court,77407,77498/77407,Expensive,531800,539900,531800,3.0,4,2796,7301,2014,2,Aliana Sec 28
9635 Foxwood Meadow Lane,77407,77498/77407,Expensive,530000,594050,530000,4.0,5,2596,7492,2025,11,Trillium
8435 Oakland Heights Lane,77407,77498/77407,Expensive,530000,550000,530000,4.1,5,3178,6900,2021,25,Grand Vista Sec 18
17714 Netherby Lane,77407,77498/77407,Expensive,530000,565000,530000,3.1,3,2866,10219,2014,245,Aliana
14103 Ragus Lake Drive,77498,77498/77407,Expensive,530000,550000,530000,3.0,4,3104,11316,1990,66,Sugarmill
9643 Pink Lotus Court,77407,77498/77407,Expensive,530000,549019,530000,3.0,4,3140,7191,2025,189,Trillium
9831 Sunflower Mist Lane,77407,77498/77407,Expensive,530000,559881,530000,3.0,4,3140,6250,2025,76,Trillium
2006 Orchid Street,77498,77498/77407,Expensive,529990,539990,529990,3.1,4,2935,5708,2025,58,Park at Eldridge
10906 Kennowy Ct,77407,77498/77407,Expensive,529600,549000,529600,3.0,4,2738,6995,2017,13,ALIANA
13211 Dusty Grove Lane,77498,77498/77407,Expensive,525000,549000,525000,4.0,5,4333,8756,2001,2,Orchard Lake Estates Sec 1
14038 Cobalt Glen Drive,77498,77498/77407,Expensive,525000,555000,525000,4.1,4,3768,13555,2003,387,Glen Laurel Sec 8
16802 Bonnyton Drive,77407,77498/77407,Expensive,525000,534900,525000,3.0,4,2828,11411,2013,15,Aliana Sec 22
8922 Granary Gate Lane,77407,77498/77407,Expensive,524900,524900,524900,3.0,4,3060,13034,2021,38,Grand Mission Estates
8007 Clearwater Glen Court,77407,77498/77407,Expensive,522500,539900,522500,2.1,3,2649,9273,2021,240,Grand Mission Estates Sec 23
9631 Pink Lotus Court,77407,77498/77407,Expensive,520000,592810,520000,4.0,5,2596,7071,2026,50,Trillium
17526 Endel Way,77407,77498/77407,Expensive,520000,582499,520000,3.1,4,3349,9181,2012,70,Aliana Sec 4
21014 Greyhawk Court,77407,77498/77407,Expensive,520000,525000,520000,3.1,4,3099,16419,2015,142,Long Meadow Farms
17919 Primrose Grove Drive,77407,77498/77407,Expensive,519750,589830,519750,4.0,5,2596,6689,2025,73,Trillium
17918 Primrose Grove Drive,77407,77498/77407,Expensive,519000,539373,519000,3.0,4,2558,7027,2026,70,Trillium
10915 Croftmore Drive,77407,77498/77407,Expensive,517272,525000,517272,3.0,4,2877,8008,2016,240,Aliana
19707 Mallets Bay Court,77407,77498/77407,Expensive,515000,535000,515000,2.1,4,3250,15442,2007,54,Grand Mission Estates Sec 1
21323 Falls Frost Drive,77407,77498/77407,Expensive,515000,519999,515000,3.0,4,2939,6100,2018,99,Long Meadow Farms Sec 41
19843 Quarry Stone Lane,77407,77498/77407,Expensive,515000,549900,515000,3.1,4,3398,8446,2015,296,Grand Mission Estates Sec 3
9626 Seaside Daisy Lane,77407,77498/77407,Expensive,514340,549989,514340,4.0,5,2596,6689,2025,90,Trillium
14406 Dunrobin Way,77498,77498/77407,Expensive,514000,525000,514000,3.1,6,3930,6583,2004,135,Chelsea Harbour Sec 2
21307 Plum Gate Court,77407,77498/77407,Expensive,512500,515000,512500,3.1,4,3311,13194,2013,89,Lakemont Lake Bend
8923 Granary Gate Lane,77407,77498/77407,Expensive,512000,527000,512000,3.1,4,3067,16064,2023,117,Grand Mission Estates Sec 27
11114 Raiselands Drive,77407,77498/77407,Expensive,510000,548000,510000,3.1,5,3577,10507,2015,274,Aliana Sec 20 Pt Rep 1
17022 Huttons Court Lane,77407,77498/77407,Expensive,510000,549000,510000,3.1,4,3582,8040,2009,287,Aliana Sec 2
9619 Foxwood Meadow Lane,77407,77498/77407,Expensive,508000,549930,508000,3.0,4,2558,6250,2026,72,Trillium
21210 Hawkspur Circle Circle,77407,77498/77407,Expensive,506500,539000,506500,3.1,4,3377,12137,2014,266,Long Meadow Farms Sec 30
17018 Mahogany Trace Lane,77407,77498/77407,Expensive,505001,518000,505001,3.1,4,3097,7960,2013,7,Aliana Sec 2
8034 Ivy Bush Bend Lane,77407,77498/77407,Expensive,505000,549838,505000,3.1,4,3365,9855,2012,204,Lakemont Lake Bend Sec 1
4310 Tilbury Trail,77407,77498/77407,Expensive,505000,535000,505000,3.1,4,3136,8213,2016,143,Windsor Estates Sec 2
9619 Starry Eyes Lane,77407,77498/77407,Expensive,505000,559992,505000,3.0,4,2558,7122,2025,33,Trillium
17834 Carnation Glen Drive,77407,77498/77407,Expensive,505000,549989,505000,4.0,5,2596,6500,2025,170,Trillium
13822 Blue Vista Drive,77498,77498/77407,Expensive,505000,529000,505000,5.0,6,4560,9570,2003,143,Glen Laurel
3730 Windmill Creek Drive,77407,77498/77407,Expensive,503000,508000,503000,3.0,4,2718,7867,2009,3,Old Orchard
9607 Starry Eyes Lane,77407,77498/77407,Expensive,500887,500887,500887,3.0,4,2558,6500,2025,52,Trillium
6002 Somerset Valley Drive,77407,77498/77407,Expensive,500000,525000,500000,3.0,3,2881,8949,2018,29,Long Meadow Farms Sec 43
7818 Pacific Spring Lane,77407,77498/77407,Expensive,500000,540000,500000,3.0,5,3300,10391,2014,93,Lakemont Shores
9631 Foxwood Meadow Lane,77407,77498/77407,Expensive,500000,497590,500000,3.0,4,2278,7131,2026,115,Trillium
18542 Twilight Arbor Trail,77407,77498/77407,Expensive,500000,514990,500000,3.1,4,3446,8545,2020,150,Grand Vista Sec 17
5015 Shale Grove Court,77407,77498/77407,Expensive,500000,524990,500000,3.1,5,4017,14976,2009,105,Fieldstone Sec 3
11530 Gowanhill Drive,77407,77498/77407,Expensive,500000,510000,500000,3.1,4,2777,8763,2017,77,Aliana
19810 View Park Lane,77407,77498/77407,Expensive,495000,499990,495000,2.1,3,2659,7959,2020,48,Grand Mission Estates Sec 23
18114 Glenlyon Drive,77407,77498/77407,Expensive,495000,499990,495000,3.0,4,2880,9347,2016,1,Aliana Sec 54
9638 Pink Lotus Court,77407,77498/77407,Expensive,495000,529850,495000,3.0,4,2278,7935,2026,44,Trillium
9614 Foxwood Meadow Lane,77407,77498/77407,Expensive,491490,499898,491490,3.0,4,2278,7764,2025,147,Trillium
11903 Mckinney Falls Lane,77498,77498/77407,Expensive,490000,499500,490000,3.1,5,3516,7827,1998,22,Park Pointe Sec 1
14306 Grace Meadow Lane,77498,77498/77407,Expensive,490000,490000,490000,3.0,4,3226,8062,2005,4,Gannoway Lake Estates
811 W Green Belt Drive,77498,77498/77407,Expensive,490000,505000,490000,2.0,4,2397,9999,1988,53,Sugar Mill Sec 3
1017 Oak Knoll Court,77498,77498/77407,Expensive,490000,495000,490000,3.1,4,3182,11454,1988,226,Sugarmill
13202 Brushy Knoll Lane,77498,77498/77407,Expensive,490000,490000,490000,3.1,4,3686,11872,2005,210,Orchard Lake Estates Sec 1
6018 Frances Park Drive,77407,77498/77407,Expensive,490000,499990,490000,3.0,4,3018,8949,2016,149,Long Meadow Farms Sec 41
19823 Sonterra Lane,77407,77498/77407,Expensive,490000,499990,490000,3.0,4,3249,7865,2017,104,Grand Mission Estates Sec 18
5903 Grace Falls Drive,77407,77498/77407,Expensive,490000,515000,490000,3.0,4,2492,12077,2016,71,Long Meadow Farms Sec 41
17742 Carnation Glen Drive,77407,77498/77407,Expensive,489897,489897,489897,3.0,4,2634,5142,2025,116,Trillium
8415 Verona Falls Court,77407,77498/77407,Expensive,489750,499990,489750,3.0,4,3047,7200,2019,14,Grand Mission Estates Sec 5
5450 Atwood Canyon Court,77407,77498/77407,Expensive,486000,499990,486000,3.1,4,3324,6250,2020,62,Long Meadow Farms Sec 45
2026 Avana Glen Lane,77498,77498/77407,Expensive,485000,489900,485000,3.1,4,3882,9598,2001,333,Glen Laurel
13906 Placid Woods Court,77498,77498/77407,Expensive,485000,499500,485000,3.1,4,3316,12473,1985,122,Sugarmill Sec 6
13110 Orchard Stables Drive,77407,77498/77407,Expensive,485000,499999,485000,3.1,4,3653,11130,2008,158,Old Orchard
9610 Foxwood Meadow Lane,77407,77498/77407,Expensive,485000,499897,485000,3.0,4,2203,7783,2025,68,Trillium
18003 Nisbet Crossing,77407,77498/77407,Expensive,485000,499990,485000,3.1,4,2698,7836,2016,39,Aliana Sec 47
3730 Arundel Gardens Lane,77498,77498/77407,Expensive,485000,499900,485000,3.1,6,4000,9497,2006,214,Orchard Lake Estates Sec 2
22926 Spellbrook Bend Lane,77407,77498/77407,Expensive,485000,485000,485000,4.1,5,3379,10198,2018,90,Parkway Lakes Sec 1
1411 Flanders Field Lane,77498,77498/77407,Expensive,485000,513000,485000,3.1,4,3319,8818,2003,445,Gannoway Lake Estates Sec 1
8522 Catlina Manor Lane,77407,77498/77407,Expensive,485000,499950,485000,3.0,4,3047,7303,2020,37,Grand Mission Estates Sec 5
7702 Mona Key Court,77407,77498/77407,Expensive,484000,499900,484000,3.1,5,3744,9199,2016,98,Grand Mission Estates Sec 3
126 2nd Street,77498,77498/77407,Expensive,484000,499000,484000,2.0,3,1803,7536,1915,126,S M Williams
21103 Barton Hollow Lane,77407,77498/77407,Expensive,480000,484900,480000,3.1,4,3340,8390,2012,93,Lakemont Lake Bend
9622 Poinsettia Haven Lane,77407,77498/77407,Expensive,480000,493114,480000,3.1,3,2641,4845,2025,94,Trillium
9630 Seaside Daisy Lane,77407,77498/77407,Expensive,480000,499998,480000,3.0,4,2278,6819,2025,125,Trillium
17026 Chalmers Close Court,77407,77498/77407,Expensive,475000,499900,475000,3.0,4,2840,9174,2016,68,Aliana Sec 32
9627 Periwinkle Chase Drive,77407,77498/77407,Expensive,475000,498544,475000,3.0,4,2392,5137,2026,69,Trillium
13514 Schumann Trail,77498,77498/77407,Expensive,475000,480000,475000,2.1,3,2703,10616,2003,58,Orchard Lake Estates Sec 1
18106 Nisbet Crossing,77407,77498/77407,Expensive,475000,490000,475000,3.0,4,2529,6599,2016,13,Aliana Sec 47
12018 Mckinney Falls Lane,77498,77498/77407,Expensive,475000,485000,475000,4.1,5,3548,10545,1997,182,Park Pointe Sec 1
16927 Kaitlyn Kerria Court,77407,77498/77407,Expensive,475000,484950,475000,3.1,5,3261,6348,2016,108,Camellia
8603 Rexford Cove Court,77407,77498/77407,Expensive,475000,499000,475000,3.1,5,3412,7663,2014,175,Grand Mission Sec 19
9623 Pink Lotus Court,77407,77498/77407,Expensive,474990,474990,474990,3.0,4,2203,6303,2026,87,Trillium
8019 Clearwater Glen Court,77407,77498/77407,Expensive,472500,485000,472500,2.1,3,2025,7805,2020,37,Grand Mission Estates Sec 23
1810 Candle Light Court,77498,77498/77407,Expensive,470000,470000,470000,3.1,4,3494,8485,2005,11,Gannoway Lake Estates
3902 Lakeridge Canyon Drive,77498,77498/77407,Expensive,470000,495000,470000,3.1,4,3407,9891,2002,2,Orchard Lake Estates Sec 1
9610 Starry Eyes Lane,77407,77498/77407,Expensive,470000,499989,470000,3.0,4,2203,6218,2025,205,Trillium
19706 Albany Oaks Lane,77407,77498/77407,Expensive,470000,469990,470000,3.0,4,2581,6072,2019,42,Grand Mission Estates Sec 21
9618 Buttercup Breeze Lane,77407,77498/77407,Expensive,470000,544566,470000,3.1,4,2638,4993,2025,10,Trillium
3922 Crestwind Lane,77407,77498/77407,Expensive,470000,499999,470000,3.1,4,3700,9295,2011,40,Old Orchard Sec 6
17927 Primrose Grove Lane,77407,77498/77407,Expensive,469000,542010,469000,3.0,4,2278,7764,2025,62,Trillium
9714 Celosia View Court,77407,77498/77407,Expensive,469000,529982,469000,3.0,4,2634,5798,2025,58,Trillium
819 Wood Bridge Circle,77498,77498/77407,Expensive,468000,478250,468000,3.1,4,2333,10172,1983,17,Sugarmill Sec 3
13407 Beacon Street,77498,77498/77407,Expensive,467990,467990,467990,2.1,4,2336,5094,2026,4,Park at Eldridge
8507 Lockridge Valley Trail,77407,77498/77407,Expensive,467500,480000,467500,3.0,4,2858,9336,2019,63,Grand Vista Sec 27
2006 Magnolia Court,77498,77498/77407,Expensive,467490,489990,467490,2.1,4,2691,5204,2025,103,Park at Eldridge
6014 Barrett Cove Court,77407,77498/77407,Expensive,467000,474900,467000,3.1,4,3114,9396,2015,227,Long Meadow Farms
10610 Potterton Way,77407,77498/77407,Expensive,467000,489900,467000,3.0,4,2408,7160,2019,34,Aliana Sec 50
9618 Poinsettia Haven Lane,77407,77498/77407,Expensive,466718,499718,466718,3.0,4,2408,4800,2026,91,Trillium
21323 Crested Valley Drive,77407,77498/77407,Expensive,466000,482000,466000,3.1,4,2804,7760,2017,127,Long Meadow Farms Sec 42
17926 Carnation Glen Drive,77407,77498/77407,Expensive,465000,499969,465000,3.0,4,2203,6500,2025,113,Trillium
21023 Barrett Woods Drive,77407,77498/77407,Expensive,463000,478999,463000,3.0,4,2887,7960,2014,173,Long Meadow Farms
14005 Imperial Canyon Lane,77498,77498/77407,Expensive,462500,470000,462500,2.0,4,2512,11862,2000,49,Glen Laurel Sec 3
9622 Seaside Daisy Lane,77407,77498/77407,Expensive,461590,489643,461590,3.0,4,2203,6500,2025,118,Trillium
9635 Pink Lotus Court,77407,77498/77407,Expensive,460000,519890,460000,3.0,4,2203,NULL,2026,67,Trillium
7414 Bright Lake Bend Ln,77407,77498/77407,Expensive,460000,475000,460000,3.1,4,3537,9683,2006,5,Lakemont Cove
18119 Grasshomle Court,77407,77498/77407,Expensive,460000,488000,460000,3.1,4,2515,25177,2022,42,Grand Vista Sec 18
17706 Carnation Glen Drive,77407,77498/77407,Expensive,460000,519347,460000,4.0,5,2644,5000,2025,101,Trillium
9630 Starry Eyes Lane,77407,77498/77407,Expensive,460000,509256,460000,3.0,4,2558,6410,2025,164,Trillium
17710 Carnation Glen Drive,77407,77498/77407,Expensive,460000,499866,460000,3.1,4,2599,5058,2025,76,Trillium
17926 Oakridge Canyon Lane,77407,77498/77407,Expensive,458400,487900,458400,3.1,5,3438,7200,2006,95,Twin Oaks Village
16819 Talisker Drive,77407,77498/77407,Expensive,458000,470000,458000,3.0,4,2685,6960,2012,184,Aliana Sec 21
11902 Hueco Tanks Drive,77498,77498/77407,Expensive,457500,474999,457500,2.1,4,2547,8408,2000,13,Park Pointe Sec 7
2410 Ashley Ridge Lane,77498,77498/77407,Expensive,457500,459000,457500,3.1,4,2537,7813,2002,3,Glen Laurel
3615 Emerald Bay Lane,77498,77498/77407,Expensive,457000,478000,457000,3.1,5,3754,7697,2006,102,Orchard Lake Estates Sec 2
13226 Dusty Grove Lane,77498,77498/77407,Expensive,453988,479888,453988,3.1,4,3542,11458,2001,150,Orchard Lake Estates Sec 1
10306 Rouken Glen Court,77407,77498/77407,Expensive,452000,475000,452000,3.0,4,2741,6750,2013,37,Aliana
1112 Spinnaker Way,77498,77498/77407,Expensive,450000,469000,450000,2.0,3,1858,5681,1992,39,Sugarmill Sec 7
8015 Grove Sky Court,77407,77498/77407,Expensive,450000,459000,450000,2.1,3,3049,10663,2014,22,Grand Mission Estates Sec 12
10007 Shire Green Lane,77407,77498/77407,Expensive,450000,489900,450000,4.0,5,3883,9564,2012,94,Aliana Sec 2
823 Millpond Drive,77498,77498/77407,Expensive,450000,460000,450000,2.1,4,2923,11344,1983,6,Sugarmill Sec 3
7827 Sydney Bay Court,77407,77498/77407,Expensive,450000,475000,450000,3.1,4,3166,7151,2016,309,Grand Mission Estates
19903 Sonterra Lane,77407,77498/77407,Expensive,450000,490000,450000,3.0,4,3211,8324,2015,87,Grand Mission Estates Sec
13111 Cane Lake Court,77498,77498/77407,Expensive,450000,460000,450000,2.0,4,2564,8936,2006,86,Orchard Lake Estates
20115 Neals Rose Lane,77407,77498/77407,Expensive,450000,465000,450000,3.1,4,2972,6875,2016,80,Grand Mission Estates Sec 17
9702 Poinsettia Haven Lane,77407,77498/77407,Expensive,450000,538702,450000,3.0,4,2392,5293,2026,31,Trillium
9706 Poinsettia Haven Lane,77407,77498/77407,Expensive,450000,459521,450000,3.1,4,2602,5365,2026,109,Trillium
5422 Wildbrush Drive,77407,77498/77407,Expensive,450000,455000,450000,3.1,4,3239,6752,2019,106,Long Meadow Farms Sec 45
10622 Menelaws Trail,77407,77498/77407,Expensive,450000,459000,450000,3.1,4,2683,7378,2019,36,Aliana
17603 Browning Trace Lane,77407,77498/77407,Expensive,450000,475000,450000,3.0,4,2515,7984,2012,76,Aliana Sec 12
18210 Flora Grove Drive,77407,77498/77407,Expensive,450000,487440,450000,3.0,4,2309,5000,2025,46,Trillium
9622 Buttercup Breeze Lane,77407,77498/77407,Expensive,450000,489068,450000,3.0,4,2412,5117,2025,114,Trillium
2002 Gardenia Court,77498,77498/77407,Expensive,449990,464990,449990,2.1,3,2319,9659,2025,93,Park at Eldridge
17734 Carnation Glen Drive,77407,77498/77407,Expensive,449441,449441,449441,3.0,4,2391,5204,2025,111,Trillium
13015 Sandflower Lane,77498,77498/77407,Expensive,448000,448000,448000,3.1,5,3278,7457,2005,0,Orchard Lake Estates Sec 1
9615 Periwinkle Chase Drive,77407,77498/77407,Expensive,447000,469670,447000,3.0,5,2462,NULL,2026,53,Trillium
12846 Spiegel Street,77407,77498/77407,Expensive,447000,475000,447000,3.0,4,2408,6637,2020,13,Aliana Sec 71
9739 Poinsettia Haven Lane,77407,77498/77407,Expensive,446880,505000,446880,3.0,5,2462,8278,2026,22,Trillium
18222 Hibiscus Crescent Lane,77407,77498/77407,Expensive,446000,488290,446000,3.0,4,2304,5348,2025,88,Trillium
17815 Sentosa Cliff Lane,77407,77498/77407,Expensive,445000,450000,445000,3.0,4,3527,7377,2014,203,Mission Trace Sec 4
4438 Selwyn Road,77407,77498/77407,Expensive,445000,449786,445000,3.0,4,3087,7894,2014,126,Windsor Estates Sec 3
11031 Ramp Creek Lane,77498,77498/77407,Expensive,445000,465000,445000,3.1,4,3989,16877,2001,18,Woodbridge Of Fbc
9718 Celosia View Court,77407,77498/77407,Expensive,445000,511172,445000,3.1,4,2381,5358,2025,1,Trillium
6027 Grace Falls Drive,77407,77498/77407,Expensive,440000,449917,440000,3.0,4,2462,6400,2017,16,Long Meadow Farms Sec 41
3907 Broad Thicket Court,77498,77498/77407,Expensive,440000,449990,440000,3.0,4,2871,8949,2003,3,Orchard Lake Estates
9407 Mineral Rock Lane,77407,77498/77407,Expensive,440000,454990,440000,4.0,5,3637,8211,2016,391,Mission Trace Sec 3
18214 Hibiscus Crescent Lane,77407,77498/77407,Expensive,440000,482300,440000,3.0,4,2224,6563,2025,2,Trillium
13310 Larkhill Gardens Lane,77498,77498/77407,Expensive,440000,453000,440000,3.1,5,3530,8148,2005,81,Orchard Lake Estates Sec 2
13214 Dusty Grove Lane,77498,77498/77407,Expensive,440000,450000,440000,3.1,4,3719,8567,2001,221,Orchard Lake Estates Sec 1
719 Burney Road,77498,77498/77407,Expensive,440000,475000,440000,2.1,3,1465,26789,1963,140,S M Williams
13307 Orchard Harvest Drive,77407,77498/77407,Expensive,440000,440000,440000,2.0,3,2329,5750,2009,34,Old Orchard
7410 Norwood Point Court,77407,77498/77407,Expensive,440000,460000,440000,3.1,5,3292,10211,2008,142,Grand Mission Estates Sec 2
9630 Poinsettia Haven Lane,77407,77498/77407,Expensive,440000,465840,440000,3.0,4,2240,5000,2025,58,Trillium
2007 Magnolia Court,77498,77498/77407,Expensive,439990,461990,439990,2.1,4,2325,5207,2026,4,Park at Eldridge
2007 Cottage Court,77498,77498/77407,Expensive,439990,472990,439990,2.1,4,2426,5207,2025,172,Park at Eldridge
9703 Periwinkle Chase Drive,77407,77498/77407,Expensive,439660,489660,439660,3.0,4,2224,5339,2025,17,Trillium
3506 Broadknoll Lane,77498,77498/77407,Expensive,437750,479000,437750,3.1,5,2903,7818,2006,39,Orchard Lake Estates
21139 Shelbyville Drive,77407,77498/77407,Expensive,437500,444990,437500,3.0,4,2541,6854,2015,12,Long Meadow Farms Sec 38
18207 Hibiscus Crescent Lane,77407,77498/77407,Expensive,436000,480360,436000,3.0,4,2236,7512,2026,57,Trillium
12915 Stratford Heights Drive,77498,77498/77407,Expensive,436000,440000,436000,3.1,5,3418,6101,1998,289,Stratford Park Village Three
13023 Forester Canyon Lane,77498,77498/77407,Expensive,435000,449000,435000,3.1,4,3146,7549,2001,13,Orchard Lake Estates
18234 Hibiscus Crescent Lane,77407,77498/77407,Expensive,435000,439967,435000,3.0,4,2392,7002,2026,107,Trillium
6907 Arcadia Meadow Ct,77407,77498/77407,Expensive,435000,465000,435000,3.0,5,3193,7200,2018,106,GRAND VISTA LAKES
8614 Oakdale Bluff Court,77407,77498/77407,Expensive,434900,439900,434900,3.0,4,2888,7754,2018,155,Grand Vista Sec 15
9722 Poinsettia Haven Lane,77407,77498/77407,Expensive,433000,483540,433000,3.0,5,2413,5508,2025,77,Trillium
17714 Carnation Glen Drive,77407,77498/77407,Expensive,430989,489400,430989,3.0,4,2392,5192,2025,101,Trillium
9623 Periwinkle Chase Drive,77407,77498/77407,Expensive,430235,522901,430235,2.1,3,2602,6563,2026,70,Trillium
13307 Mesquite Stone Lane,77407,77498/77407,Expensive,430000,449000,430000,3.1,4,2808,7765,2010,13,Old Orchard Sec 8
16464 Beewood Glen Drive,77498,77498/77407,Expensive,430000,449000,430000,3.1,5,4482,7339,2000,107,Village Of Oak Lake Sec 4
9707 Poinsettia Haven Lane,77407,77498/77407,Expensive,430000,476740,430000,3.0,4,2240,5000,2025,41,Trillium
9623 Poinsettia Haven Lane,77407,77498/77407,Middle,430000,481890,430000,3.0,4,2224,5307,2025,56,Trillium
18231 Glen Shee Drive,77407,77498/77407,Middle,429990,429990,429990,2.1,3,2120,6403,2018,10,Aliana Sec 58
13323 Pecan Walk Lane,77498,77498/77407,Middle,429000,439000,429000,2.0,3,2564,8723,2005,40,Orchard Lake Estates Sec 2
2007 Sunflower Court,77498,77498/77407,Middle,428990,431990,428990,2.1,3,2339,5152,2025,242,Park at Eldridge
9718 Poinsettia Haven Lane,77407,77498/77407,Middle,428400,473440,428400,3.0,4,2240,5999,2025,88,Trillium
9619 Poinsettia Haven Lane,77407,77498/77407,Middle,428000,449998,428000,3.0,5,2413,5000,2025,116,Trillium
9607 Periwinkle Chase Drive,77407,77498/77407,Middle,427000,481360,427000,3.0,4,2236,4920,2026,5,Trillium
18214 Flora Grove Drive,77407,77498/77407,Middle,425567,449998,425567,3.0,4,2224,5000,2025,142,Trillium
8518 Belfast Manor Lane,77407,77498/77407,Middle,425000,435000,425000,3.0,4,2333,7358,2019,32,Grand Vista Sec 21
14902 Rock Mill Lane,77498,77498/77407,Middle,425000,450550,425000,3.1,5,3260,10151,2001,191,Woodbridge Of Fbc Sec 5
16328 Mellow Oaks Ln Lane,77498,77498/77407,Middle,425000,449000,425000,3.1,5,4009,7939,2001,46,Village Of Oak Lake
17930 Village Branch Lane,77407,77498/77407,Middle,425000,449000,425000,3.1,5,3922,7170,2007,169,Twin Oaks Village
13619 Florence Road,77498,77498/77407,Middle,425000,470000,425000,1.1,3,1380,21911,1968,68,Wm Hodge
3307 Long Briar Lane,77498,77498/77407,Middle,424000,434900,424000,2.1,4,2738,6330,2003,19,Orchard Lake Estates
18211 Hibiscus Crescent Lane,77407,77498/77407,Middle,422347,428450,422347,3.0,4,1942,5142,2026,35,Trillium
9703 Poinsettia Haven Lane,77407,77498/77407,Middle,422020,476440,422020,3.0,4,2224,4950,2025,47,Trillium
1007 Oakland Court,77498,77498/77407,Middle,422000,420000,422000,2.0,4,2385,8523,1987,3,Sugarmill Sec 5
17322 Sauki Lane,77407,77498/77407,Middle,420000,450000,420000,3.1,4,2797,6240,2010,28,Aliana Sec 5
611 Woodlake Circle,77498,77498/77407,Middle,420000,440000,420000,2.1,4,2610,7887,1988,55,Sugarmill
2222 Keeran Point Court,77498,77498/77407,Middle,420000,440000,420000,2.1,4,3407,8197,1999,101,Glen Laurel Sec 2
20735 Yaupon Meadow Lane,77407,77498/77407,Middle,420000,425000,420000,3.0,4,2507,6785,2022,51,Grand Mission Estates Sec 30
7410 Lassiter Hollow Lane,77407,77498/77407,Middle,420000,420000,420000,2.1,4,2513,8147,2003,191,Twin Oaks Village
7739 Collina Landing Trail,77407,77498/77407,Middle,420000,400000,420000,3.0,4,2510,6250,2016,132,Grand Mission Estates
14827 Atterbury Drive,77498,77498/77407,Middle,420000,439000,420000,3.1,4,3298,10095,1989,28,Waterford Sec 1
12038 Natural Bridges Lane,77498,77498/77407,Middle,420000,425000,420000,3.0,5,2832,7779,1997,45,Park Pointe Sec 1
6919 Kingsford Gable Ct,77407,77498/77407,Middle,420000,449900,420000,3.1,4,2521,7802,2018,191,Grand Vista Lakes Sec 3
2015 Gardenia Court,77498,77498/77407,Middle,420000,428990,420000,2.1,3,2365,5205,2025,247,Park at Eldridge
9626 Poinsettia Haven Lane,77407,77498/77407,Middle,420000,479740,420000,3.0,4,2309,5200,2025,64,Trillium
2022 Gardenia Court,77498,77498/77407,Middle,419990,441990,419990,2.1,3,2371,6329,2025,117,Park at Eldridge
9711 Periwinkle Chase,77407,77498/77407,Middle,418565,489955,418565,3.0,4,2224,5454,2025,9,Trillium
9707 Periwinkle Chase Drive,77407,77498/77407,Middle,418000,434730,418000,2.1,4,2030,5455,2026,87,Trillium
7814 Chinaberry Sky Lane,77407,77498/77407,Middle,417000,425000,417000,3.0,4,3098,8403,2015,109,Grand Mission Estates Sec 8
8926 Field Daisy Court,77407,77498/77407,Middle,416000,424990,416000,3.0,4,2199,5099,2025,46,Grand Mission Estates
20943 Cordell Landing Drive,77407,77498/77407,Middle,415000,434990,415000,3.0,4,2746,8124,2010,35,Lakemont Shores Sec 2
6618 River Cherwell,77407,77498/77407,Middle,415000,415000,415000,3.1,4,2761,NULL,2022,29,Grand Trails
21207 Maybrook Manor Lane,77407,77498/77407,Middle,415000,436000,415000,3.1,5,3536,8211,2007,40,Lakemont Grove Sec 1
9631 Periwinkle Chase,77407,77498/77407,Middle,415000,455950,415000,3.0,5,2413,5233,2026,116,Trillium
9611 Poinsettia Haven Lane,77407,77498/77407,Middle,415000,449987,415000,3.0,4,2240,4951,2025,209,Trillium
17003 Kaitlyn Kerria Court,77407,77498/77407,Middle,415000,435000,415000,3.1,4,2781,6348,2016,22,Camellia
21311 Cold Rain Drive,77407,77498/77407,Middle,414990,414990,414990,3.0,4,2263,5965,2017,288,Long Meadow Farms Sec 41
2207 Desert Vine Court,77498,77498/77407,Middle,413500,438000,413500,2.1,3,2654,11521,2001,242,Glen Laurel Sec 2
8914 Field Daisy Court,77407,77498/77407,Middle,411000,424990,411000,3.0,4,2199,5063,2025,70,Grand Mission Estates
18218 Hibiscus Crescent Lane,77407,77498/77407,Middle,410121,465900,410121,3.0,4,2250,5332,2025,10,Trillium
13935 Carncross Court,77407,77498/77407,Middle,410000,426000,410000,3.1,4,2941,7795,2016,35,Windsor Estates
7710 Eastwood Lake Lane,77407,77498/77407,Middle,410000,405000,410000,2.1,4,3220,10012,2010,33,Parkway Lakes Sec 2
19706 Glenwick Falls Ct,77407,77498/77407,Middle,410000,410000,410000,2.1,4,2219,6298,2018,156,Grand Mission Estates Sec 21
7218 Rocky Ridge Lane,77407,77498/77407,Middle,410000,434990,410000,3.1,5,3395,8084,2006,87,Grand Mission
9706 Broadley Drive,77498,77498/77407,Middle,410000,450000,410000,3.1,5,3312,11411,1993,39,Tealbriar
9639 Poinsettia Haven Lane,77407,77498/77407,Middle,409893,482997,409893,2.0,4,1760,4950,2026,16,Trillium
6531 Cody Mountain Trail,77407,77498/77407,Middle,408000,410000,408000,3.1,4,2863,6609,2021,116,Grand Trails
16310 Cobble Springs Court,77498,77498/77407,Middle,407500,410000,407500,3.1,6,3000,7011,1991,17,Village Of Oak Lake R/P
17818 Strolling Stream Lane,77407,77498/77407,Middle,406000,399000,406000,2.0,4,2957,7752,2009,76,Mission Sierra Sec 4
11010 Watson Mill Court,77498,77498/77407,Middle,405000,410000,405000,2.1,3,3052,12585,2000,1,Woodbridge Fbc Sec 3
7711 Kenora Way,77407,77498/77407,Middle,405000,415000,405000,3.1,4,2542,6458,2021,26,Grand Vista Sec 23
6918 Arcadia Meadow Court,77407,77498/77407,Middle,405000,435000,405000,3.0,5,2912,7500,2017,114,Grand Vista Lakes Sec 2
21302 Wooded Lake Court,77407,77498/77407,Middle,405000,418200,405000,2.1,4,2829,10454,2003,10,Lakemont Community
9715 Poinsettia Haven Lane,77407,77498/77407,Middle,405000,415500,405000,2.1,4,2030,5000,2025,203,Trillium
17031 Iver Ironwood Trail,77407,77498/77407,Middle,405000,415000,405000,3.1,5,3020,6473,2017,272,Camellia Sec 1
17523 Browning Trace Lane,77407,77498/77407,Middle,405000,405000,405000,2.0,4,2334,7650,2012,89,Aliana Sec 12
1010 Mill Valley Drive,77498,77498/77407,Middle,402500,420000,402500,2.0,3,2369,9387,1989,18,Sugarmill Sec 5
5323 Silktail Court,77407,77498/77407,Middle,401006,410000,401006,3.1,4,3339,6250,2014,123,Waterview Estates
3619 Stratford Town Lane,77498,77498/77407,Middle,400000,400000,400000,2.1,4,3038,7006,1998,21,Stratford Park Village Four
10227 Bellago Lane,77407,77498/77407,Middle,400000,410000,400000,2.0,4,2270,6840,2011,84,Aliana Sec 3
21003 Shelbyville Drive,77407,77498/77407,Middle,400000,415000,400000,2.1,3,2294,8179,2014,6,Long Meadow Farms
19631 Travis Cannon Lane,77407,77498/77407,Middle,400000,408405,400000,3.1,4,2710,5750,2015,138,Grand Mission Estates
2406 Ranna Court,77498,77498/77407,Middle,400000,429000,400000,3.1,4,3119,4119,2015,51,Riverway Estates Sec 1 Pt Rep 2
8014 Grove Sky Court,77407,77498/77407,Middle,400000,420000,400000,3.1,4,3036,9436,2014,87,Grand Mission Estates
20831 Wilde Redbud Trail,77407,77498/77407,Middle,400000,424990,400000,3.0,4,2080,5008,2025,43,Grand Mission Estates
14802 Atterbury Drive,77498,77498/77407,Middle,400000,410000,400000,2.1,4,3700,9848,1988,44,Waterford Sec 1
18110 Tenasserim Pine Trace,77407,77498/77407,Middle,400000,425000,400000,3.0,4,3508,7200,2016,133,Mission Trace Sec 3
21006 Indigo Field Lane,77407,77498/77407,Middle,400000,405000,400000,2.1,3,2294,8448,2004,72,Lakemont Sec 8
21131 Granite Trail Lane,77407,77498/77407,Middle,400000,425000,400000,3.1,5,3193,8291,2005,93,Lakemont Trace Sec 1
21142 Granite Trail Lane,77407,77498/77407,Middle,400000,429000,400000,3.0,5,3255,8420,2005,68,Lakemont Trace
9638 Poinsettia Haven Lane,77407,77498/77407,Middle,399999,399999,399999,2.1,4,2030,5206,2025,35,Trillium
5014 Beech Fern Drive,77407,77498/77407,Middle,399900,399900,399900,2.1,4,2732,7800,2012,71,Waterview Estates Sec 6
19811 Norfolk Ridge Way,77407,77498/77407,Middle,399900,399900,399900,2.0,3,2553,7800,2004,23,Waterview Estates
18222 Flora Grove Drive,77407,77498/77407,Middle,399000,429440,399000,2.1,4,2030,5200,2026,295,Trillium
9718 Periwinkle Chase Drive,77407,77498/77407,Middle,397290,434360,397290,2.1,4,2203,NULL,2026,39,Trillium
11502 Valley Pike Court,77498,77498/77407,Middle,395000,389000,395000,2.1,4,2617,6948,1999,6,Woodbridge Fbc
7538 Victoria Brook Trace,77407,77498/77407,Middle,395000,399000,395000,2.1,4,2388,6704,2020,46,Lakeview Retreat Sec 7
914 Sugar Mountain Court,77498,77498/77407,Middle,395000,395000,395000,2.1,4,2030,8092,1983,3,Sugarmill
20222 Norwood Point Lane,77407,77498/77407,Middle,395000,410000,395000,2.1,4,2864,NULL,2007,10,Grand Mission Estates
23122 Broad Springs Court,77407,77498/77407,Middle,395000,1,395000,3.1,6,4832,14248,2005,40,Parkway Lakes Sec 1
5206 Emory Mill Road,77407,77498/77407,Middle,395000,410000,395000,2.1,4,2669,8203,2006,11,Waterview Estates
9303 Claystone Lane,77407,77498/77407,Middle,395000,399900,395000,3.0,5,2928,8184,2014,184,Mission Trace Sec 4
7830 Trinity Rose Court,77407,77498/77407,Middle,395000,430000,395000,3.0,4,2233,7876,2017,84,Grand Mission Estates Sec 18
8014 Caden Mills Lane,77407,77498/77407,Middle,395000,395000,395000,3.1,4,2424,7226,2015,94,Grand Mission Estates Sec 12
19714 Oakdale Lakes Trail,77407,77498/77407,Middle,395000,415000,395000,3.0,4,2551,11111,2018,61,Grand Mission Estates
20763 Sunseed Drive,77407,77498/77407,Middle,395000,527339,395000,3.0,4,2098,5776,2025,79,Grand Mission Estates
15603 Mustang Island Drive,77498,77498/77407,Middle,392000,399000,392000,3.1,5,3018,9582,2000,63,Park Pointe Sec 7
8710 Sunbury Oak Circle,77407,77498/77407,Middle,390000,399000,390000,3.0,3,2042,9800,2020,16,Grand Mission Estates
5110 Ruby Rock Way,77407,77498/77407,Middle,390000,395000,390000,2.1,4,2942,6873,2011,207,Fieldstone
9611 Periwinkle Chase Drive,77407,77498/77407,Middle,390000,419860,390000,3.0,4,1942,NULL,2026,11,Trillium
6914 Arcadia Meadow Court,77407,77498/77407,Middle,390000,400000,390000,3.0,4,2757,7500,2018,55,Grand Vista Lakes Sec 2
17702 Carnation Glen Drive,77407,77498/77407,Middle,389856,459173,389856,2.0,3,1760,5000,2025,4,Trillium
807 Green Belt Drive,77498,77498/77407,Middle,389500,399000,389500,2.0,4,2429,9763,1980,79,"Sugarmill, Sugar Mill"
15218 Hidden Hollow Lane,77498,77498/77407,Middle,389400,399000,389400,3.1,5,3156,6858,1997,132,Oak Lake Estates
9110 Darby Park Lane,77407,77498/77407,Middle,388000,393500,388000,3.1,4,2411,6711,2014,100,Grand Vista Sec 3
19547 Stetson Heights Lane,77407,77498/77407,Middle,388000,399000,388000,3.1,4,2876,6661,2011,26,Grand Mission
5514 Baldwin Elm Street,77407,77498/77407,Middle,388000,398000,388000,2.1,5,3091,6882,2005,100,Waterview Estates Sec 1
7510 Rosepath Lane,77407,77498/77407,Middle,386280,405000,386280,2.1,4,3175,8448,2005,59,Lakemont Sec 11
814 Palm Grove Circle,77498,77498/77407,Middle,385000,399000,385000,2.1,4,2674,11699,1983,28,"Sugarmill, Sugar Mill"
7523 Victoria Brook Trace,77407,77498/77407,Middle,385000,395000,385000,2.0,4,1680,6095,2021,25,Lakeview Retreat
17327 Aldenwilds Lane,77407,77498/77407,Middle,385000,385000,385000,2.1,4,2451,6240,2012,2,Aliana
4923 Lake Daniel Court,77407,77498/77407,Middle,385000,399000,385000,2.1,4,2843,6196,2002,106,Waterside Village
21206 Rush Hollow Court,77407,77498/77407,Middle,385000,389900,385000,2.0,3,2961,9263,2005,141,Lakemont Sec 11
19122 Summer Farm Trail,77407,77498/77407,Middle,385000,394900,385000,3.0,3,2090,6947,2017,28,Grand Vista Sec 10
20915 Sagelaurel Lane,77407,77498/77407,Middle,385000,390000,385000,2.1,4,2719,6537,2003,80,Lakemont Sec 2
19022 Summer Farm Trail,77407,77498/77407,Middle,385000,395000,385000,3.0,3,2122,6742,2016,93,Grand Vista Sec 10
9119 Basin Ridge Lane,77407,77498/77407,Middle,385000,390000,385000,3.1,4,2506,NULL,2015,66,Grand Vista
20318 Windsor Trace Lane,77407,77498/77407,Middle,383000,370000,383000,2.1,3,2294,6967,2005,35,Lakemont Meadows Sec 1
21903 Castle Hawk Trail,77407,77498/77407,Middle,382700,410000,382700,3.1,5,3271,11231,2010,37,Grand Meadow
18214 Tenasserim Pine Trace,77407,77498/77407,Middle,382000,400000,382000,2.1,5,2771,7696,2016,6,Mission Trace Sec 3
9723 Poinsettia Haven Lane,77407,77498/77407,Middle,380000,475034,380000,2.0,4,1760,5000,2026,20,Trillium
11607 Oak Lake Park Drive,77498,77498/77407,Middle,380000,390000,380000,2.1,4,2655,7133,1998,9,Oak Lake Estates
19701 Lark Orchard Way,77407,77498/77407,Middle,380000,399900,380000,2.1,4,2477,11706,2005,82,Waterview Estates Sec 1
14214 Ayers Rock Road,77498,77498/77407,Middle,380000,400000,380000,2.0,3,2176,6589,2006,177,Chelsea Harbour Sec 2
2403 Ranna Court,77498,77498/77407,Middle,380000,399000,380000,3.0,4,2412,10321,2011,121,Riverway Estates Sec 1
9735 Poinsettia Haven Lane,77407,77498/77407,Middle,376660,382660,376660,2.0,4,1820,4872,2026,156,Trillium
7434 Boxwood Ridge Lane,77407,77498/77407,Middle,375000,375000,375000,2.0,3,2193,6406,2005,65,Grand Mission Sec 9
17835 Planters Path Lane,77407,77498/77407,Middle,375000,350000,375000,2.1,4,3209,9940,2010,3,Mission Sierra Sec 4
10723 Fletcher Bridge Lane,77498,77498/77407,Middle,375000,389000,375000,2.1,3,2675,7700,2002,184,Woodbridge Of Fbc Sec 11
3318 Thistlegrove Lane,77498,77498/77407,Middle,375000,378000,375000,2.0,4,2451,6317,2004,105,Orchard Lake Estates Sec 1
8022 Duncan Ranch Lane,77407,77498/77407,Middle,375000,385000,375000,2.1,3,2327,7076,2013,273,Grand Mission Estates Sec 13
602 Muirwood Lane,77498,77498/77407,Middle,375000,375000,375000,2.0,3,1544,7906,1982,2,"Sugarmill, Sugar Milll"
15111 Snow Hill Court,77498,77498/77407,Middle,375000,369000,375000,2.1,4,2618,7045,2003,164,Woodbridge Of Fbc Sec 13
9631 Poinsettia Haven Lane,77407,77498/77407,Middle,375000,409084,375000,2.0,4,1760,5000,2026,73,Trillium
9710 Poinsettia Haven Lane,77407,77498/77407,Middle,375000,466837,375000,2.0,4,1760,5437,2026,23,Trillium
810 Palm Grove Circle,77498,77498/77407,Middle,375000,399000,375000,2.0,3,2232,9207,1983,61,"Sugarmill, Sugar Mill"
13530 knottinghill Drive,77498,77498/77407,Middle,375000,379900,375000,3.0,5,2580,9323,1976,35,Covington Woods Sec 4
7718 Collina Landing Trail,77407,77498/77407,Middle,375000,390000,375000,2.1,3,2268,6000,2017,312,Grand Mission Estates Sec 19
7731 Guldan Drive,77407,77498/77407,Middle,375000,375000,375000,3.1,4,2458,6840,2013,16,Lost Creek
17414 Aldenwilds Lane,77407,77498/77407,Middle,372500,373000,372500,2.1,4,2509,6240,2012,147,Aliana
9622 Periwinkle Chase Drive,77407,77498/77407,Middle,371540,371540,371540,2.0,4,1675,NULL,2026,130,Trillium
9615 Poinsettia Haven Lane,77407,77498/77407,Middle,371050,384990,371050,2.0,4,1617,5000,2025,55,Trillium
19623 Blair Orchard Lane,77407,77498/77407,Middle,370000,390000,370000,3.1,4,2548,5750,2015,31,Grand Mission Estates Sec 20
9614 Poinsettia Haven Lane,77407,77498/77407,Middle,370000,459682,370000,2.0,4,1760,4800,2026,40,Trillium
22319 Wild Rose Trace,77407,77498/77407,Middle,370000,399990,370000,2.1,4,2180,12950,2003,238,Meadows of Parkway Lakes
8418 Terrace Valley Circle,77407,77498/77407,Middle,370000,385000,370000,2.0,3,1780,8010,2019,114,Grand Mission Estates Sec 5
19218 Desert Calico Lane,77407,77498/77407,Middle,370000,370000,370000,3.1,5,3362,5415,2006,145,Bradford Park Sec 1
20331 Weeping Pine Way,77407,77498/77407,Middle,369900,369900,369900,3.1,5,3076,5991,2015,8,Fieldstone
7711 Chadbourne Trace Court,77407,77498/77407,Middle,369000,375000,369000,3.1,4,3234,9516,2006,14,Lakemont Grove Sec 1
18902 Whitehaven Bend Lane,77407,77498/77407,Middle,368000,380000,368000,2.1,4,2395,9515,2017,55,Grand Vista
7006 Tallow Knoll Lane,77407,77498/77407,Middle,368000,390000,368000,2.1,4,2411,11649,2003,24,Lakemont Sec 2
7307 Teton Creek Trace,77407,77498/77407,Middle,368000,385499,368000,2.1,4,2231,5778,2021,27,Lakeview Retreat
9823 Corben Creek Lane,77407,77498/77407,Middle,367000,414990,367000,3.1,4,2482,6600,2018,144,Camellia Sec 1
18226 Flora Grove Drive,77407,77498/77407,Middle,367000,399988,367000,2.0,4,1617,5000,2025,148,Trillium
9811 Camellia Gardens Drive,77407,77498/77407,Middle,365000,375500,365000,2.0,4,2171,6600,2018,66,Camellia Sec 1
6011 Summer Holly Lane,77407,77498/77407,Middle,365000,370000,365000,2.0,3,2228,6830,2019,62,Fieldstone
20103 Moonlight Falls Court,77407,77498/77407,Middle,365000,375000,365000,3.0,4,1891,8760,2021,1061,Grand Mission Estates Sec 26
18422 Stablewood Manor Trail,77407,77498/77407,Middle,365000,374990,365000,2.1,4,2338,7252,2018,2,Grand Vista Lakes
15823 Oleta Lane,77498,77498/77407,Middle,365000,240000,365000,3.1,5,4549,43647,1979,14,M M Battle
5106 Travertine Point,77407,77498/77407,Middle,365000,360000,365000,2.0,4,2254,9692,2011,4,Waterview Estates Sec 10
21506 Crainfeld Drive,77407,77498/77407,Middle,365000,365000,365000,3.1,4,2413,6350,2013,7,Lost Creek Sec 5
14934 Sugar Falls Court,77498,77498/77407,Middle,365000,385900,365000,2.1,4,2880,9432,2006,266,Sugar Grove Sec 1
16806 Needle Ridge Court,77498,77498/77407,Middle,365000,365000,365000,2.0,3,2275,9240,1998,57,Summerfield
17930 Royal Gate Lane,77407,77498/77407,Middle,365000,389000,365000,3.1,4,2977,9546,2011,49,Mission Sierra Sec 1
7410 Rain Drop Court,77407,77498/77407,Middle,365000,379000,365000,3.0,3,2603,8948,2007,128,Grand Mission Estates
9634 Poinsettia Haven Lane,77407,77498/77407,Middle,365000,405446,365000,2.0,4,1617,5996,2025,100,Trillium
21719 Teton Rock Trail,77407,77498/77407,Middle,365000,380000,365000,2.1,4,2369,5500,2022,179,Grand Trails
17106 Simon Court,77407,77498/77407,Middle,365000,365000,365000,2.1,4,2825,9227,2010,259,Aliana Sec 2
16314 Concord Falls Lane,77498,77498/77407,Middle,365000,400000,365000,3.1,5,3204,7259,1990,113,Village Of Oak Lake R/P
15231 Bridge Oak Lane,77498,77498/77407,Middle,365000,359000,365000,2.0,4,2181,10400,1997,17,Oak Lake Estates Sec 4
7719 Guldan Drive,77407,77498/77407,Middle,365000,374990,365000,3.1,4,2413,8058,2013,8,Lost Creek Sec 5
10326 Low Bridge Lane,77498,77498/77407,Middle,365000,365000,365000,2.1,4,2415,7896,2004,137,Woodbridge Of Fbc
7506 Teton Creek Trace,77407,77498/77407,Middle,365000,369999,365000,3.0,4,2557,5692,2020,61,Lakeview Retreat Sec 7
20202 Windsor Trace Lane,77407,77498/77407,Middle,365000,374990,365000,3.1,4,2714,7402,2005,73,Lakemont Meadows Sec 1
20619 Cactus Lake Lane,77407,77498/77407,Middle,365000,365000,365000,2.1,4,2394,6250,2014,213,Grand Mission Estates
20118 Graphite Canyon Court,77407,77498/77407,Middle,365000,375000,365000,3.1,4,2227,6008,2013,13,Fieldstone Sec 8
22031 Castle Hawk Trail,77407,77498/77407,Middle,364000,410000,364000,4.1,6,3076,14571,2008,11,Grand Meadow Sec 3
19415 Bronte Springs Court,77407,77498/77407,Middle,362500,379000,362500,2.1,4,2727,8186,2012,51,Grand Mission Sec 16
20715 Wilde Redbud Trail,77407,77498/77407,Middle,362000,362000,362000,3.0,4,1945,5728,2023,309,Grand Mission Estates Sec 29
3726 Windmill Links Drive,77407,77498/77407,Middle,362000,389500,362000,2.1,4,2484,5500,2008,78,Old Orchard
11830 Pedernales Falls Lane,77498,77498/77407,Middle,362000,380000,362000,2.1,4,2266,5908,1998,13,Park Pointe Sec 3
7135 Rambling Tree Lane,77407,77498/77407,Middle,362000,378000,362000,2.1,4,2676,6927,2007,130,Lakemont Ridge Sec 1
18119 Tenasserim Pine Trace,77407,77498/77407,Middle,361300,350000,361300,4.0,5,3415,7500,2015,11,Mission Trace Sec 3
4927 Grapevine Lake Court,77407,77498/77407,Middle,361000,366201,361000,2.0,3,2192,10374,2005,60,WATERSIDE VILLAGE
7830 Gable Bridge Lane,77407,77498/77407,Middle,360000,350000,360000,2.1,4,2536,7096,2011,5,Grand Mission Sec 13
9318 Limestone Ranch Lane,77407,77498/77407,Middle,360000,360000,360000,3.0,4,2753,7715,2014,13,Mission Trace
5531 Drumlin Field Way,77407,77498/77407,Middle,360000,360000,360000,3.0,4,2700,6430,2014,171,Fieldstone Sec 6
417 W Hillary Circle,77498,77498/77407,Middle,360000,359990,360000,2.1,5,2272,7617,1981,58,Sugarmill Sec 2
18411 Pelham Hollow Trail,77407,77498/77407,Middle,360000,375000,360000,2.0,4,2024,7732,2018,372,Lakeview Retreat Sec 2
5410 Drumlin Field Way,77407,77498/77407,Middle,360000,389500,360000,3.1,5,3016,6541,2013,35,Fieldstone
5427 Jay Thrush Drive,77407,77498/77407,Middle,360000,360000,360000,2.1,4,2461,6555,2013,5,Waterview Estates
14802 Buckskin Bridge Court,77498,77498/77407,Middle,360000,379900,360000,2.1,4,2629,7058,2001,131,Woodbridge Of Fbc Sec 7
16915 Blue Mist Circle,77498,77498/77407,Middle,360000,365000,360000,2.1,4,2644,8324,1992,27,Pheasant Creek
1927 Oaklawn Street,77498,77498/77407,Middle,360000,389000,360000,3.1,4,2663,10326,1970,37,Greenbriar Add
7403 Blossommist Lane,77407,77498/77407,Middle,359000,368000,359000,2.1,4,2604,7365,2006,21,Twin Oaks Village Sec 11
8407 Victoria Springs Drive,77407,77498/77407,Middle,359000,378950,359000,3.0,4,2238,6250,2018,86,Grand Mission Estates Sec 7
19519 Sundance Edge Court,77407,77498/77407,Middle,359000,359000,359000,2.0,3,2275,6302,2013,11,Grand Mission Sec 17
9714 Poinsettia Haven Lane,77407,77498/77407,Middle,358000,413140,358000,2.0,4,1617,5996,2025,58,Trillium
14823 Walbrook Drive,77498,77498/77407,Middle,357500,385000,357500,3.1,4,3473,8838,1984,17,Waterford Sec 1
7506 Victoria Brook Trace,77407,77498/77407,Middle,357000,374999,357000,3.0,4,2266,5632,2020,74,Lakeview Retreat Sec 7
8823 Barton Valley Drive,77407,77498/77407,Middle,357000,372000,357000,2.0,4,1735,7103,2022,151,Grand Mission Estates Sec 30
20019 Cape Clover Trail,77407,77498/77407,Middle,355000,365000,355000,2.1,4,2429,6668,2006,23,Waterview Estates
19507 Cedar Cove Court,77407,77498/77407,Middle,355000,360000,355000,2.0,3,2158,5858,2014,8,Grand Mission
7011 Bedias Creek Court,77407,77498/77407,Middle,355000,375000,355000,3.0,4,2504,9549,2007,188,Lost Creek
19006 Derrington Manor Lane,77407,77498/77407,Middle,355000,359000,355000,3.0,4,2291,5676,2021,40,Lakeview Retreat Sec 11
7603 Harvest Mill Lane,77407,77498/77407,Middle,355000,349000,355000,2.0,3,2468,14375,2002,17,Twin Oaks Village
7002 Halifax Harvest Lane,77407,77498/77407,Middle,355000,358000,355000,2.0,4,1835,5400,2022,47,Lakeview Retreat Sec 12
14814 Charleton Mill Lane,77498,77498/77407,Middle,354999,359999,354999,2.0,3,2132,7684,2002,4,Woodbridge Of Fbc
6902 Kingsford Gable Court,77407,77498/77407,Middle,354000,367999,354000,2.0,4,2184,10012,2018,37,Grand Vista Lakes Sec 3
19503 Sundance Edge Court,77407,77498/77407,Middle,353000,370000,353000,2.0,3,2159,8345,2013,226,Grand Mission Sec 17
6010 Mapleton Meadow Lane,77407,77498/77407,Middle,352500,374999,352500,2.0,3,2044,6911,2019,20,Field stone
13806 Wilde Forest Court,77498,77498/77407,Middle,351500,399000,351500,3.1,3,4799,18550,1984,0,Sugarmill Sec 6
17414 Sandalisle Lane,77407,77498/77407,Middle,351000,347000,351000,2.0,3,1750,6240,2011,200,Aliana
16334 Mellow Oaks Lane,77498,77498/77407,Middle,350000,350000,350000,2.1,4,2680,7240,2001,3,Village Of Oak Lake
7007 Sierra Night Drive,77407,77498/77407,Middle,350000,375599,350000,3.0,4,2504,8532,2006,371,Lost Creek
15306 Park Glen Drive,77498,77498/77407,Middle,350000,359900,350000,2.0,4,2302,8930,1994,165,Oak Lake Estates Sec 2
19202 Cannon Hills Lane,77407,77498/77407,Middle,350000,359000,350000,2.0,3,2325,6428,2014,26,Grand Mission Sec 18
18802 Wedgewood Meadow Way,77407,77498/77407,Middle,350000,350000,350000,2.1,4,1903,8609,2021,13,Lakeview Retreat Sec 6
5431 Atwood Canyon Court,77407,77498/77407,Middle,350000,350000,350000,2.0,3,2059,6001,2019,13,Long Meadow Farms
20611 Stonetrail Road,77407,77498/77407,Middle,350000,359000,350000,4.1,5,2992,6900,2012,16,Fieldstone Sec 1
5402 Drumlin Field Way,77407,77498/77407,Middle,350000,355000,350000,3.1,5,2808,6369,2013,17,Fieldstone Sec 6
19807 Coreybend Court,77407,77498/77407,Middle,350000,350000,350000,2.1,4,2654,6499,2010,43,Lakemont Ridge Sec 2
18442 Grayson Bluff Way,77407,77498/77407,Middle,350000,365000,350000,2.0,3,1973,8127,2019,31,Lakeview Retreat
7607 Victoria Brook Trace,77407,77498/77407,Middle,350000,349990,350000,2.0,4,1761,5625,2020,8,Lakeview Retreat
22102 Leirop Drive,77407,77498/77407,Middle,350000,350000,350000,2.1,4,2620,7343,2006,88,Grand Meadow
7002 Pleasant Oak Court,77407,77498/77407,Middle,350000,349997,350000,3.1,4,3175,7949,1996,12,West Oaks Village Sec 2
19027 Drayton Village Trace,77407,77498/77407,Middle,350000,354900,350000,2.1,4,1876,5747,2022,448,Lakeview Retreat
7010 Arcadia Meadow Court,77407,77498/77407,Middle,350000,370000,350000,2.0,4,2125,8007,2018,214,Grand Vista Lakes Sec 2
7402 Rivercane Shore Lane,77407,77498/77407,Middle,349900,349900,349900,2.0,4,1847,8595,2020,5,Lakeview Retreat
23906 W Fairport Harbor Lane,77407,77498/77407,Middle,349900,349900,349900,3.1,4,2518,7057,2010,137,Parkway Lakes Sec 3
20339 Peralta Cliff Trail,77407,77498/77407,Middle,349500,346500,349500,2.0,3,2089,7506,2017,0,Fieldstone
14831 Cumberland Bridge Lane,77498,77498/77407,Middle,349000,349999,349000,2.1,3,2294,7164,2001,28,Woodbridge Of Fbc Sec 7
20735 Bandrock Terrace,77407,77498/77407,Middle,349000,349000,349000,2.0,4,2162,8266,2014,76,Fieldstone Sec 6
7419 Rainham Valley Lane,77407,77498/77407,Middle,348500,355000,348500,3.0,4,2344,5708,2021,198,Lakeview Retreat
5310 Gibralter Place,77407,77498/77407,Middle,348000,355000,348000,2.1,4,2202,5747,2007,121,Fieldstone Sec 4
7434 Rivercane Shore Lane,77407,77498/77407,Middle,348000,375000,348000,3.0,4,2282,5625,2020,205,Lakeview Retreat Sec 5
19022 Drayton Village Trace,77407,77498/77407,Middle,347500,354999,347500,3.0,4,2257,NULL,2022,126,Lakeview Retreat
21115 Indigo Field Lane,77407,77498/77407,Middle,347500,350000,347500,2.1,4,2635,6590,2005,7,Lakemont
7107 Dove Hollow Court,77407,77498/77407,Middle,347000,359786,347000,2.1,4,2371,9216,2004,12,Lakemont Sec 13
3622 Stratford Town Lane,77498,77498/77407,Middle,346000,348999,346000,2.1,3,2714,6098,1998,478,Stratford Park Village Four
7130 Ballinger Ridge Lane,77407,77498/77407,Middle,345900,349900,345900,2.1,3,2330,6347,2006,11,Lakemont Meadows
15018 Sugar Peak Drive,77498,77498/77407,Middle,345000,378000,345000,3.1,5,2880,5060,2005,169,Sugar Grove
5319 Fossil Stone Lane,77407,77498/77407,Middle,345000,355000,345000,2.1,4,2508,6600,2012,23,Waterview Estates Sec 8
7419 Boxwood Ridge Lane,77407,77498/77407,Middle,345000,344900,345000,2.0,3,2442,6592,2005,21,Grand Mission Sec 9
6802 Oak Run Drive,77407,77498/77407,Middle,345000,369900,345000,2.1,3,2213,7283,1999,24,West Oaks Village Sec 1
17314 Winfield Square,77407,77498/77407,Middle,345000,340000,345000,2.1,4,2562,6883,1997,598,West Oaks Village Sec 4
20502 Windsor Trace Lane,77407,77498/77407,Middle,345000,349900,345000,2.1,3,2294,6458,2005,59,Lakemont Meadows Sec 2
16915 Cory Cornel Lane,77407,77498/77407,Middle,345000,350000,345000,2.1,4,2789,5941,2019,151,Camellia
7011 Fleetwood Crescent Way,77407,77498/77407,Middle,345000,355000,345000,2.0,4,1812,5400,2022,43,Lakeview Retreat Sec 12
16826 Basewood Court,77498,77498/77407,Middle,345000,359000,345000,2.1,4,2372,6743,1998,69,Summerfield
16931 Cory Cornell Lane,77407,77498/77407,Middle,345000,350000,345000,2.1,4,2790,5941,2019,34,Camellia
17147 Devon Dogwood Trail,77407,77498/77407,Middle,345000,359500,345000,2.1,4,2850,6196,2019,162,Camellia
8310 Dusty Canyon Lane,77407,77498/77407,Middle,345000,350000,345000,2.0,4,2130,5736,2008,10,Grand Mission Sec 14
7006 Telford Hollow Trail,77407,77498/77407,Middle,345000,345000,345000,2.0,4,1835,5625,2022,33,Lakeview Retreat Sec 12
14503 Heagans Court,77498,77498/77407,Middle,344000,359000,344000,3.1,4,3175,9201,2002,235,Kingsbridge Estates Sec 1
17834 Oakridge Canyon Lane,77407,77498/77407,Middle,344000,348000,344000,2.0,3,2160,8359,2007,41,Twin Oaks Village Sec 10
10215 Rockdale Bridge Court,77498,77498/77407,Middle,342400,369000,342400,2.0,4,2178,7523,2003,43,Woodbridge Of Fbc Sec 16
14022 Kathi Lynn Lane,77498,77498/77407,Middle,342000,349500,342000,2.0,3,1752,7421,1983,14,Ragus Lake Estates Sec 1
4914 Grapevine Lake Court,77407,77498/77407,Middle,341000,349000,341000,2.0,3,2226,6050,2005,218,Waterside Estate
19539 Keystone Falls Court,77407,77498/77407,Middle,341000,324500,341000,2.0,3,1567,8091,2012,10,Grand Mission
7203 Windy Port Lane,77407,77498/77407,Middle,340000,340000,340000,2.1,4,1962,8813,2005,16,Lakemont
6026 Skylar Meadows Ct,77407,77498/77407,Middle,340000,349999,340000,2.0,3,2228,5750,2018,86,Fieldstone
10531 Spanish Grant Drive,77498,77498/77407,Middle,340000,349000,340000,3.1,5,2417,7350,1978,44,Townewest Sec 2
16314 Cobble Springs Court,77498,77498/77407,Middle,340000,348000,340000,2.0,3,2436,7122,1991,132,Village Of Oak Lake R/P
19906 Sagebrush Cove,77407,77498/77407,Middle,340000,340000,340000,2.1,3,2241,8939,2010,9,Waterview Estates
3215 Stratford Pointe Drive,77498,77498/77407,Middle,340000,350000,340000,2.0,4,2219,6935,2000,12,Stratford Park Village One
16107 Ember Hollow Circle,77498,77498/77407,Middle,340000,340000,340000,2.0,3,1661,9034,1990,1,Village Of Oak Lake R/P
7806 Wyndham Harbor Court,77407,77498/77407,Middle,340000,345000,340000,2.0,3,1830,5704,2021,8,Grand Vista Sec 22
7022 Bossut Drive,77407,77498/77407,Middle,340000,369900,340000,2.1,4,2518,7786,2005,84,Grand Meadow Sec 1
19519 Brighton Brook Lane,77407,77498/77407,Middle,340000,355000,340000,2.0,3,2318,6360,2012,7,Grand Mission
5918 Hackberry Branch Lane,77407,77498/77407,Middle,340000,345000,340000,2.0,3,2033,8920,2019,47,Fieldstone Sec 15
17123 Audrey Arbor Way,77407,77498/77407,Middle,340000,350000,340000,2.0,4,2171,6491,2018,50,CAMELLIA
19527 Sundance Edge Court,77407,77498/77407,Middle,340000,349900,340000,2.0,3,2242,6022,2013,103,Grand Mission Sec 17
20215 Bridge Manor Lane,77407,77498/77407,Middle,339000,339999,339000,2.1,4,2683,7050,2005,8,Lakemont Meadows Sec 1
14911 Sugar Peak Drive,77498,77498/77407,Middle,339000,359800,339000,3.0,4,2695,7339,2005,31,Sugar Grove
7427 Bannon Field Lane,77407,77498/77407,Middle,339000,339000,339000,2.1,5,2381,6995,2004,24,Lakemont Sec 7
13514 Knottinghill Drive,77498,77498/77407,Middle,339000,360000,339000,2.0,4,2048,9635,1976,6,Covington Woods
7111 Anaquitas Creek Court,77407,77498/77407,Middle,338500,349000,338500,2.1,4,2458,5730,2005,56,Lost Creek Sec 1
719 Rolling Mill Drive,77498,77498/77407,Middle,338000,349990,338000,2.0,4,1847,7700,1982,14,Sugarmill Sec 2
20414 Windsor Trace Lane,77407,77498/77407,Middle,337700,339700,337700,2.0,3,2043,6985,2006,27,Lakemont Meadows
7311 Lakeway Bluff Lane,77407,77498/77407,Middle,337000,345000,337000,2.1,4,1876,5580,2022,6,Lakeview Retreat
16326 Concord Falls Lane,77498,77498/77407,Middle,337000,325000,337000,2.1,4,2502,6915,1990,127,Village Of Oak Lake R/P
7827 Mayport Crest Lane,77407,77498/77407,Middle,337000,337000,337000,3.1,4,2663,6211,2013,87,Grand Mission Estates Sec 10
7342 Somerset Hill Lane,77407,77498/77407,Middle,337000,345000,337000,2.1,3,2082,6621,2003,42,Lakemont Sec 4
7423 Ramsgate Cliff Lane,77407,77498/77407,Middle,337000,345000,337000,2.0,4,1802,6501,2021,15,Lakeview Retreat
17138 Devon Dogwood Trail,77407,77498/77407,Middle,336007,334900,336007,2.1,4,2695,5857,2018,446,Camellia
619 Rolling Mill Drive,77498,77498/77407,Middle,336000,349000,336000,2.0,3,1847,8550,1981,16,Sugarmill
18926 Wedgewood Meadow Way,77407,77498/77407,Middle,336000,336000,336000,2.1,4,1903,6417,2021,26,Lakeview Retreat Sec 6
19734 Oakdale Lakes Trail,77407,77498/77407,Middle,335000,337500,335000,2.0,3,1752,8245,2018,12,Grand Mission Estates Sec 7
16938 Blue Mist Circle,77498,77498/77407,Middle,335000,329000,335000,2.1,3,2062,6248,1992,17,Pheasant Creek
17923 Dalton Shadow Lane,77407,77498/77407,Middle,335000,357000,335000,2.1,4,2210,6270,2015,22,Mission Trace Sec 1
5922 Marble Bend Lane,77407,77498/77407,Middle,335000,350000,335000,2.0,3,2111,6000,2017,90,Fieldstone
7423 Garland Mist Lane,77407,77498/77407,Middle,335000,334900,335000,2.1,3,2030,5824,2009,143,Lakemont Manor
21406 Lian Falls Lane,77407,77498/77407,Middle,335000,357000,335000,3.0,4,2504,7636,2006,78,Lost Creek Sec 1
13547 Brook Hollow Drive,77498,77498/77407,Middle,335000,349000,335000,2.0,3,1915,7577,1976,108,Covington Woods Sec 4
5426 Hickory Harvest Drive,77407,77498/77407,Middle,335000,335000,335000,2.0,3,2266,7452,2009,36,Waterview Estates
11810 Caprock Canyons Lane,77498,77498/77407,Middle,335000,345000,335000,2.0,3,2094,8289,1997,14,Park Pointe
17147 Cory Cornell Lane,77407,77498/77407,Middle,335000,345000,335000,2.1,4,2207,5768,2019,29,Camellia Sec 2
110 Shadow Wood Drive,77498,77498/77407,Middle,335000,375000,335000,2.1,4,3594,7814,1984,56,Sugarmill Sec 5
18019 Dalton Shadow Lane,77407,77498/77407,Middle,335000,350000,335000,3.1,4,2503,8696,2015,174,Mission Trace
5602 Pleasant Falls Drive,77407,77498/77407,Middle,333000,339900,333000,3.0,4,2078,7095,2020,26,Long Meadow Farms Sec 44
20623 Bandrock Terrace,77407,77498/77407,Middle,333000,349900,333000,2.1,4,2526,5843,2014,28,Fieldstone
16810 Village View Trail,77498,77498/77407,Middle,333000,349000,333000,2.0,3,2445,8076,2001,56,Village Of Oak Lake Sec 5
7031 Kendall Lake Court,77407,77498/77407,Middle,332000,339000,332000,2.0,3,2128,12246,2009,80,Lakemont Ridge Sec 1
19003 Denstone Cliff Way,77407,77498/77407,Middle,332000,349990,332000,2.0,4,1835,7081,2022,103,Lakeview Retreat Sec 11
3834 Camden Fields Lane,77407,77498/77407,Middle,332000,359000,332000,2.0,3,2070,5996,2011,97,Old Orchard
7107 Paradise Park Bend,77407,77498/77407,Middle,330000,345000,330000,2.1,4,2598,6779,2006,15,Grand Mission
20726 Arrow Falls Lane,77407,77498/77407,Middle,330000,335000,330000,2.0,3,1848,6015,2015,86,Grand Mission Estates Sec 16
19134 Quarry Lakes Lane S,77407,77498/77407,Middle,330000,330000,330000,2.0,4,1924,6385,2010,4,Grand Mission Sec 14
17711 Scenic Oaks Drive,77407,77498/77407,Middle,330000,319000,330000,2.1,4,2452,6299,1996,7,West Oaks Village Sec 1
2410 Avery Park Drive,77498,77498/77407,Middle,330000,330000,330000,2.0,4,2173,7238,2002,51,Glen Laurel
15119 Brookwood Bridge,77498,77498/77407,Middle,330000,349000,330000,2.1,4,2600,6467,2003,172,Woodbridge of FBC
5514 Russett Bay Court,77407,77498/77407,Middle,330000,340000,330000,2.0,4,1784,7725,2020,6,Long Meadow Farms
20015 Flax Flower Drive,77407,77498/77407,Middle,330000,340000,330000,2.1,4,2548,6680,2014,237,Waterview Estates
7906 Burning Oak Lane,77407,77498/77407,Middle,330000,355000,330000,2.1,4,2604,6941,2006,73,Twin Oaks Village Sec 12
16415 Dawncrest Way,77498,77498/77407,Middle,330000,330000,330000,2.1,5,2502,5556,1992,27,Village Of Oak Lake R/P
19526 Sundance Edge Court,77407,77498/77407,Middle,330000,335000,330000,2.0,4,2057,5865,2013,50,Grand Mission Sec 17
19019 Bowden Harbour Drive,77407,77498/77407,Middle,330000,349500,330000,2.1,4,2401,7780,2017,49,Grand Vista
3118 Pheasant Trail Drive,77498,77498/77407,Middle,330000,334000,330000,2.1,4,2247,8074,1994,172,Summerfield
6506 Magellan Manor Drive,77407,77498/77407,Middle,330000,340000,330000,3.0,4,2385,6768,2010,151,Grand Meadow
17218 Devon Dogwood Trail,77407,77498/77407,Middle,330000,350000,330000,2.1,4,2789,6218,2020,57,Camellia
19706 Terrazza Lake Lane,77407,77498/77407,Middle,330000,359000,330000,2.0,4,2159,7072,2016,765,Grand Mission Estates
16422 Ember Hollow Lane,77498,77498/77407,Middle,330000,345000,330000,2.0,4,2436,6212,1990,42,Village Of Oak Lake R/P
9410 Coatsworth Drive,77498,77498/77407,Middle,330000,330000,330000,2.1,4,2692,6325,2005,12,Kingsbridge Village Sec 6
7038 Tallow Knoll Lane,77407,77498/77407,Middle,330000,348000,330000,2.1,4,2525,6376,2003,27,Lakemont Sec 2
20019 Linden Spruce Lane,77407,77498/77407,Middle,330000,330000,330000,2.1,3,2474,6309,2015,72,Waterview Estates Sec 13
20119 Longheath Court,77407,77498/77407,Middle,329990,330000,329990,2.0,3,1550,6958,2005,94,Lakemont Terrace Sec 1
20331 Granophyre Lane,77407,77498/77407,Middle,329900,329900,329900,2.0,4,2182,7672,2015,93,Fieldstone
20507 Somerset Hill Court,77407,77498/77407,Middle,329000,339000,329000,2.0,3,1914,9798,2003,315,Lakemont
11810 Hueco Tanks Drive,77498,77498/77407,Middle,329000,339000,329000,2.1,4,2319,6413,2000,154,Park Pointe
16602 Tranquil Drive,77498,77498/77407,Middle,329000,329000,329000,2.1,3,1824,7378,1985,8,Pheasant Creek Sec 2
20403 Windcrest Colony Trail,77407,77498/77407,Middle,328888,325000,328888,2.0,3,1632,6936,2020,6,Grand Mission Estates Sec 24
3519 Stratford Plaza Lane,77498,77498/77407,Middle,328500,335000,328500,2.0,4,2182,8401,1998,77,Stratford Park Village Four
20418 Port Bishop Lane,77407,77498/77407,Middle,328000,350000,328000,2.0,3,2231,7626,2004,23,Lakemont
8403 Victoria Springs Drive,77407,77498/77407,Middle,327500,335000,327500,2.0,3,1636,6250,2018,85,Grand Mission Estates Sec 7
7518 Ramsgate Cliff Lane,77407,77498/77407,Middle,327000,332000,327000,2.0,4,1867,6251,2020,23,Lakeview Retreat
8207 Durango Lodge Lane,77407,77498/77407,Middle,326500,337000,326500,2.0,3,2145,7907,2012,89,Grand Mission Sec 16
20822 Wilde Redbud Trail,77407,77498/77407,Middle,325990,349990,325990,3.0,3,1593,5008,2025,59,Grand Mission Estates
18831 Allendale Forest Drive,77407,77498/77407,Middle,325500,338000,325500,2.0,4,1867,6657,2020,36,Lakeview Retreat Sec 7
21511 Bedias Creek Drive,77407,77498/77407,Middle,325000,325000,325000,2.0,3,1699,5865,2007,22,Lost Creek
7310 Lakeway Bluff Lane,77407,77498/77407,Middle,325000,325000,325000,2.0,4,1741,6271,2022,45,Lakeview Retreat Sec 10
19031 Fulvetta Haven Way,77407,77498/77407,Middle,325000,330000,325000,2.0,3,1898,6468,2019,11,Grand Vista Sec 26
18318 Grayson Bluff Way,77407,77498/77407,Middle,325000,349900,325000,2.0,4,2024,6333,2018,346,Lakeview Retreat Sec 2
16306 Ash Point Lane,77498,77498/77407,Middle,325000,335000,325000,2.1,4,2502,6650,1992,262,Village of Oak Lake R/P
21214 Lilac Meadows Lane,77407,77498/77407,Middle,325000,340000,325000,2.1,4,2719,6875,2004,28,Lakemont
8510 Remington Bluff Lane,77407,77498/77407,Middle,325000,338000,325000,2.0,3,1778,6422,2019,6,Grand Mission Estates Sec 21
13703 Lynnwood Lane,77498,77498/77407,Middle,325000,324990,325000,2.0,4,1905,10740,2013,12,Imperial Estates
7123 Colwyn Bay Trail,77407,77498/77407,Middle,325000,325000,325000,2.0,3,1639,5624,2021,50,Lakeview Retreat Sec 11
7206 Highland Chase Drive,77407,77498/77407,Middle,325000,339999,325000,2.0,4,2042,8507,2018,82,Lakeview Retreat Sec 2
17123 Cory Cornel Lane,77407,77498/77407,Middle,325000,344900,325000,2.1,4,2705,5929,2019,99,Camellia Sec 2
14226 Strutton Drive,77498,77498/77407,Middle,325000,339000,325000,3.1,5,3061,8847,1995,46,Tealbriar
16414 Maple Downs Lane,77498,77498/77407,Middle,325000,325000,325000,2.1,4,2504,6498,1990,49,Village Of Oak Lake R/P
14827 Armitage Lane,77498,77498/77407,Middle,325000,340000,325000,2.0,4,2341,11211,1994,9,Kingsbridge Place Sec 1
22306 Laguna Trace Court Court,77407,77498/77407,Middle,324900,324900,324900,2.1,4,2518,7258,2003,52,Meadows Of Pkwy Lakes
18839 Majestic Vista Lane,77407,77498/77407,Low,324500,335000,324500,2.0,3,1777,5917,2014,114,Grand Vista Sec 2
7006 Oak Prairie Court,77407,77498/77407,Low,324340,319000,324340,2.1,5,2436,6829,1996,87,West Oaks Village Sec 2
20310 Port Bishop Lane,77407,77498/77407,Low,324000,339000,324000,2.1,4,2496,5750,2005,292,Lakemont Sec 12
18115 Sonora Brook Lane,77407,77498/77407,Low,323000,339900,323000,2.0,3,2094,6856,2015,170,Mission Trace Sec 1
2022 Arcadia Drive,77498,77498/77407,Low,323000,335000,323000,2.0,3,2037,7977,1978,31,Covington West
19315 Summer Island Way,77407,77498/77407,Low,323000,334500,323000,3.1,5,3059,5582,2006,75,Bradford Park Sec 2
5539 Jay Thrush Drive,77407,77498/77407,Low,322500,322500,322500,2.0,3,2032,7644,2013,148,Waterview Estates
15106 Turphin Way,77498,77498/77407,Low,322000,335000,322000,2.1,4,2844,7677,2001,19,Kingsbridge Place Sec 5
5518 Persimmon Pass,77407,77498/77407,Low,320100,339900,320100,2.0,4,2265,6600,2006,83,Waterview Estates
14911 Moss Bridge Lane,77498,77498/77407,Low,320000,325000,320000,2.0,3,2148,6443,2000,8,Woodbridge Fbc Sec 1
7107 Grants Hollow Lane,77407,77498/77407,Low,320000,323975,320000,2.0,3,2442,6768,2005,200,Grand Mission Sec 3
18914 Whitehaven Bend Lane,77407,77498/77407,Low,320000,320000,320000,2.0,3,1799,6167,2017,2,Grand Vista Sec 16
15527 Waumsley Way,77498,77498/77407,Low,320000,350000,320000,2.1,4,3306,8186,2003,24,Kingsbridge Village
17915 Scrub Oak Drive,77407,77498/77407,Low,320000,324900,320000,2.1,4,2467,7105,1995,71,West Oaks Village Sec 1
18315 Stablewood Manor Trail,77407,77498/77407,Low,320000,320000,320000,2.0,3,1840,7070,2018,43,Grand Vista Lakes Sec 3
7218 Grants Hollow Lane,77407,77498/77407,Low,320000,355000,320000,2.0,3,2455,6688,2006,95,Grand Mission Sec 8
7558 Highland Chase Drive,77407,77498/77407,Low,320000,327000,320000,2.0,4,1723,5836,2020,42,Lakeview Retreat Sec 4
21506 Bedias Creek Drive,77407,77498/77407,Low,320000,320000,320000,2.0,3,1773,6807,2013,4,Lost Creek Sec 1
19503 Keystone Falls Court,77407,77498/77407,Low,320000,325000,320000,2.0,3,1722,6822,2011,16,Grand Mission
2604 Eldridge Park Way,77498,77498/77407,Low,320000,319900,320000,2.1,4,2182,4770,2000,73,Eldridge Park Village
7510 Highland Chase Drive,77407,77498/77407,Low,320000,339000,320000,2.0,4,1765,5798,2020,40,Lakeview Retreat Sec 4
20223 Benton Springs Lane,77407,77498/77407,Low,320000,335000,320000,2.1,4,2630,NULL,2006,107,LAKEMONT TERRACE
19007 Logan Star Court,77407,77498/77407,Low,319915,335000,319915,2.0,3,2262,8217,2008,179,Grand Mission Sec 14
5515 Russett Bay Court,77407,77498/77407,Low,319000,318900,319000,2.0,3,1673,9346,2020,42,Long Meadow Farms
18907 Elrington Creek Court,77407,77498/77407,Low,319000,339999,319000,2.1,4,2357,5132,2016,23,Grand Vista Sec 13
7007 Descartes Drive,77407,77498/77407,Low,319000,338000,319000,2.1,4,2530,6069,2005,223,Grand Meadow Sec 1
7822 Heather Harvest Way,77407,77498/77407,Low,318000,325000,318000,2.0,3,1838,5400,2018,10,GRAND VISTA
21126 Albany Landing Lane,77407,77498/77407,Low,318000,318000,318000,2.0,3,1626,6582,2020,9,Long Meadow Farms Sec 46
5319 Fledgling Trail,77407,77498/77407,Low,317500,325000,317500,2.0,3,1987,7917,2013,46,Waterview Estates Sec 8
7503 Boxwood Ridge Lane,77407,77498/77407,Low,317000,329900,317000,2.1,4,2540,6662,2005,230,Grand Mission Sec 9
7014 Kendall Lake CT,77407,77498/77407,Low,316575,335000,316575,2.0,3,2128,7119,2008,68,Lakemont Ridge
1522 Waterside Village Drive,77407,77498/77407,Low,316000,320000,316000,2.0,3,1919,6307,2003,14,Waterside Village
16310 Mulberry Run Court,77498,77498/77407,Low,315500,309700,315500,2.0,4,1840,7998,1986,53,Village Of Oak Lake R/P
18326 Arcola Bay Lane,77407,77498/77407,Low,315000,324500,315000,2.0,4,1811,5321,2019,54,Lakeview Retreat Sec 4
7215 Colwyn Bay Trail,77407,77498/77407,Low,315000,325000,315000,2.1,4,1876,6042,2021,120,Lakeview Retreat
13703 Fernhill Drive,77498,77498/77407,Low,315000,310000,315000,2.1,3,1743,7672,1973,32,Covington Woods Sec 1
17711 Rose Summit Lane,77407,77498/77407,Low,315000,327500,315000,2.0,4,2032,6083,2015,9,Mission Trace Sec 5
18102 Almond Place Lane,77407,77498/77407,Low,315000,315000,315000,2.1,4,2334,5622,2007,67,Mission Sierra
23806 Fairport Harbor Lane,77407,77498/77407,Low,315000,319900,315000,2.1,4,3036,7592,2006,62,Parkway Lakes Sec 3
21134 Albany Landing Lane,77407,77498/77407,Low,315000,330000,315000,2.0,3,1814,7445,2020,21,Long Meadow Farms
5302 Marble Ravine Drive,77407,77498/77407,Low,315000,315000,315000,2.1,4,2266,7277,2011,97,Fieldstone
5711 Water Violet Lane,77407,77498/77407,Low,315000,340000,315000,2.1,4,2488,5554,2014,113,Waterview Estates Sec 13
7915 Saragosa Blue Lane,77407,77498/77407,Low,315000,331500,315000,2.0,3,1863,6068,2007,10,Grand Mission
18006 Barton Ridge Lane,77407,77498/77407,Low,315000,320000,315000,2.1,4,3019,7920,2005,116,Twin Oaks Village Sec 8
7011 Telford Hollow Trail,77407,77498/77407,Low,315000,314990,315000,2.0,3,1354,5400,2022,67,Lakeview Retreat Sec 12
2707 Serene Place,77498,77498/77407,Low,315000,335000,315000,2.1,4,2518,11089,1989,124,Pheasant Creek Sec 2
9410 Gatmere Court,77498,77498/77407,Low,315000,330000,315000,2.1,4,2602,9646,1993,38,Kingsbridge Place
17823 Scenic Oaks Drive,77407,77498/77407,Low,315000,320000,315000,2.1,4,2473,6265,1995,126,West Oaks Village
18502 Seacoast Way,77407,77498/77407,Low,315000,330000,315000,2.1,3,1714,3385,2022,262,Taj Residences
5602 Cedar Crescent Court,77407,77498/77407,Low,314500,316000,314500,2.0,3,1626,6823,2020,66,Long Meadow Farms Sec 46
"8122 Fairfield Manor Way,",77407,77498/77407,Low,313000,325000,313000,2.0,3,1788,5358,2017,67,GRAND VISTA
19203 Christine Crossing Dr,77407,77498/77407,Low,312500,334900,312500,2.1,4,2788,8092,2006,71,Bradford Park
15318 Griggs Point Lane,77498,77498/77407,Low,312500,329000,312500,2.0,3,2209,10148,2003,144,Kingsbridge Village Sec 1
7511 Flintrock Hollow Trail,77407,77498/77407,Low,312000,315000,312000,2.2,3,1678,5671,2020,118,Lakeview Retreat Sec 4
17619 Trinity Meadow Lane,77407,77498/77407,Low,312000,294900,312000,3.1,5,3938,7417,2003,26,Twin Oaks Village
16318 Dawncrest Way,77498,77498/77407,Low,312000,319000,312000,2.0,4,1988,7187,1990,135,Village Of Oak Lake R/P
16823 Pheasant Ridge Drive,77498,77498/77407,Low,311500,315000,311500,2.0,4,2047,10158,1995,21,Summerfield Sec 1
14906 Armitage Lane,77498,77498/77407,Low,311500,319000,311500,2.1,3,2578,11989,1997,10,Kingsbridge Place Sec 1
14803 Hemlock Bridge Court,77498,77498/77407,Low,311000,329900,311000,2.0,4,1911,9559,2000,54,Woodbridge Of Fbc
17134 Fairway Glen Court,77498,77498/77407,Low,311000,324900,311000,2.1,4,2468,9581,2000,199,Summerfield Sec 6
8118 Fairfield Manor Way,77407,77498/77407,Low,311000,317000,311000,2.0,3,1771,5408,2017,100,Grand Vista Sec 16
16626 Tranquil Drive,77498,77498/77407,Low,310999,319999,310999,2.0,3,1639,6770,1985,87,Pheasant Creek
13714 Lynnwood Lane,77498,77498/77407,Low,310000,315000,310000,2.0,3,1946,9255,1972,21,Imperial Estates Sec 2
8303 Durango Lodge Lane,77407,77498/77407,Low,310000,321000,310000,2.0,3,1683,6343,2012,15,Grand Mission Sec 16
17746 Auburn Heights Trail,77407,77498/77407,Low,310000,324900,310000,2.0,3,1701,6374,2017,242,Mission Trace Sec 6
8327 Dusty Canyon Lane,77407,77498/77407,Low,310000,315000,310000,2.0,3,1882,5990,2008,163,Grand Mission Sec 14
18234 Almond Place Lane,77407,77498/77407,Low,310000,312999,310000,2.0,3,1805,5175,2012,3,Mission Sierra Sec 5
13510 Naples Bridge Road,77498,77498/77407,Low,310000,350000,310000,2.1,4,2562,4758,1999,598,Eldridge Park Village Sec 1
18518 Bridgeway Lane,77407,77498/77407,Low,310000,350000,310000,2.1,3,1831,3608,2020,56,Taj Residences
7114 Sundance Meadows Lane,77407,77498/77407,Low,310000,319000,310000,2.0,3,2033,7376,2007,38,Lakemont Meadows Sec 3
13802 Lynnwood Lane,77498,77498/77407,Low,310000,349500,310000,2.0,3,2385,14579,1972,86,Imperial Woods
6703 Walnut Square,77407,77498/77407,Low,310000,315000,310000,2.1,3,2148,10906,1997,11,West Oaks Village
4815 Mission Lake Court,77407,77498/77407,Low,310000,305000,310000,3.0,4,2180,6037,2002,7,Waterside Village Sec 1
2438 Glenholly Park Drive,77498,77498/77407,Low,310000,310000,310000,2.1,4,2123,5471,2005,28,Riverway Estates Sec 1
1414 Hitherfield Drive,77498,77498/77407,Low,310000,315000,310000,2.0,3,1964,14466,1975,69,Covington Woods
7519 Rockaway Point Lane,77407,77498/77407,Low,310000,323000,310000,2.0,3,2123,6386,2006,110,Parkway Lakes Sec 3
20227 Bridge Manor Lane,77407,77498/77407,Low,310000,320000,310000,2.1,3,2294,7101,2005,132,Lakemont Meadows
18114 Oakfield Crossing,77407,77498/77407,Low,310000,315000,310000,2.0,3,2029,6160,1997,9,West Oaks Village Sec 2
18106 Oakleaf Trail Court,77407,77498/77407,Low,310000,349000,310000,2.1,4,2587,6374,1997,31,West Oaks Village Sec 2
19715 Heron Shadow Court,77407,77498/77407,Low,310000,315000,310000,2.1,3,2029,6911,2008,77,Lakemont Manor Sec 2
16406 Ginger Run Way,77498,77498/77407,Low,310000,325000,310000,2.1,3,1959,6913,1990,50,Village Of Oak Lake R/P
23618 Starbridge Lake,77407,77498/77407,Low,310000,315900,310000,2.1,3,2130,6554,2011,554,PARKWAY LAKES
5311 Persimmon Pass,77407,77498/77407,Low,310000,320000,310000,2.0,3,1690,6897,2013,42,Waterview Estates Sec 1
611 Muirwood Lane,77498,77498/77407,Low,310000,335700,310000,2.0,3,1638,8012,1982,36,Sugarmill Sec 2
10322 Rancho Bernardo Lane,77498,77498/77407,Low,310000,329900,310000,3.0,4,2288,6864,2024,151,Townewest
21131 Lilac Meadows Lane,77407,77498/77407,Low,309900,309900,309900,2.1,4,2635,7584,2004,143,Lakemont Sec 9
7123 Anaquitas Creek Court,77407,77498/77407,Low,309900,324900,309900,2.0,3,1844,5716,2005,77,Lost Creek Sec 1
20334 Granophyre Lane,77407,77498/77407,Low,308000,320888,308000,2.0,4,2071,6650,2016,358,Fieldstone
8807 Sage Cove Lane,77407,77498/77407,Low,308000,315000,308000,2.0,4,2497,9391,2008,1,Mission Sierra
16414 Concord Falls Lane,77498,77498/77407,Low,307000,339888,307000,3.0,4,2756,5437,1992,239,Village Of Oak Lake R/P
17819 Inland Oaks Drive,77407,77498/77407,Low,307000,299990,307000,2.1,5,2436,5912,1996,50,West Oaks Village Sec 1
21618 Sierra Long Drive,77407,77498/77407,Low,307000,310000,307000,2.0,3,1841,7203,2010,4,Lost Creek Sec 3
5315 Persimmon Pass,77407,77498/77407,Low,307000,315000,307000,2.0,3,1854,8633,2013,145,Waterview Estates
20618 Rustic Hearth Court,77407,77498/77407,Low,307000,339990,307000,2.1,4,2496,6444,2003,81,Lakemont Sec 4
7510 Teton Creek Trace,77407,77498/77407,Low,307000,324990,307000,2.0,3,1424,5665,2020,32,Lakeview Retreat Sec 7
7235 Windy Port Lane,77407,77498/77407,Low,307000,329000,307000,2.1,4,2496,5688,2005,20,Lakemont Sec 12
18107 Cimmaron Oak Lane,77407,77498/77407,Low,306000,312000,306000,2.0,3,1768,6916,2009,16,Mission Sierra Sec 3
21607 Goloby Drive,77407,77498/77407,Low,305300,320500,305300,2.0,3,1903,6000,2013,130,Lost Creek Sec 5
5402 Jay Thrush Drive,77407,77498/77407,Low,305000,325000,305000,2.1,3,2328,7846,2012,42,Waterview Estates Sec 10
16427 Beewood Glen Drive,77498,77498/77407,Low,305000,307000,305000,2.0,3,1899,6571,2000,34,Village Of Oak Lake Sec 4
17439 Aspen Ridge Court,77407,77498/77407,Low,305000,330000,305000,2.0,3,2147,7611,2002,214,Twin Oaks Village
607 Lakeview Drive,77498,77498/77407,Low,305000,325000,305000,2.0,2,1226,8799,1920,17,S M Williams
20418 Coleridge Lane,77407,77498/77407,Low,305000,305000,305000,2.1,4,2149,7420,2004,64,Lakemont Sec 7
7330 Windy Port Lane,77407,77498/77407,Low,305000,315000,305000,2.0,3,2366,6763,2004,41,Lakemont Sec 12
13527 Brook Hollow Drive,77498,77498/77407,Low,305000,295000,305000,2.0,3,1795,6963,1976,3,Covington Woods
7427 Boerne Creek,77407,77498/77407,Low,304000,318300,304000,2.0,4,2183,NULL,2007,223,Lost Creek
5823 Hillside River Lane,77407,77498/77407,Low,303000,320000,303000,2.0,3,2334,6898,2015,13,Fieldstone Sec 10
7431 Avalon Trace,77407,77498/77407,Low,302000,315000,302000,2.0,3,1813,5435,2009,28,Lakemont Manor Sec 1
17259 Quiet Song Court,77407,77498/77407,Low,301000,315000,301000,2.0,3,1651,5000,2019,153,Camellia Sec 4
7714 Guldan Drive,77407,77498/77407,Low,300000,316000,300000,2.1,4,2353,6350,2013,310,Lost Creek
16630 Pademelon Drive,77498,77498/77407,Low,300000,305000,300000,2.1,3,2011,4218,2006,9,Oak Lake Court
13807 Imperial Court,77498,77498/77407,Low,300000,335000,300000,2.1,4,1860,15755,1972,28,Imperial Woods
8738 Trenton Landing Lane,77407,77498/77407,Low,300000,299000,300000,2.0,3,1603,4969,2019,79,Grand Mission Estates Sec 25
20507 Pink Granite Vly,77407,77498/77407,Low,300000,310000,300000,2.1,3,2135,5685,2008,54,Fieldstone
17515 Heath Grove Lane,77407,77498/77407,Low,300000,300000,300000,2.1,3,2036,7388,2001,12,Twin Oaks Village
9506 Pickwell Court,77498,77498/77407,Low,300000,315000,300000,4.0,4,3173,12692,1997,0,Kingsbridge Place Sec 1
20006 Pemetic Trail Trail,77407,77498/77407,Low,300000,309000,300000,2.0,3,1856,5999,2007,171,Waterview Estates
20210 Stonebridge Terrace Drive,77407,77498/77407,Low,300000,315000,300000,2.0,4,1818,5487,2015,229,Fieldstone Sec 8
1403 Hitherfield Drive,77498,77498/77407,Low,300000,305000,300000,2.0,3,1881,6318,1975,200,Covington Woods Sec 3
22314 Laguna Trace Court,77407,77498/77407,Low,299999,299999,299999,2.1,3,2074,6799,2003,374,Meadows Of Pkwy Lakes Sec 1
16422 Elmwood Point Lane,77498,77498/77407,Low,299990,299990,299990,2.1,3,2030,6249,1991,39,Village Of Oak Lake R/P
5714 Baldwin Elm Street,77407,77498/77407,Low,299900,299900,299900,2.1,4,2212,5715,2005,184,Waterview Estates Sec 1
13702 Towne Way Drive,77498,77498/77407,Low,299900,299900,299900,2.1,4,2417,14400,1975,199,Townewest
16602 Pademelon Drive,77498,77498/77407,Low,299786,299786,299786,2.1,4,1814,4475,2006,316,Oak Lake Court
6615 Kenton Crossing Circle,77407,77498/77407,Low,299500,299500,299500,2.0,4,1867,8346,1998,8,West Oaks Village
19803 Dahlia Brook Way,77407,77498/77407,Low,299000,299999,299000,2.0,3,1871,7936,2008,150,Waterview Estates
7407 Jacobs Well Drive,77407,77498/77407,Low,299000,329900,299000,2.1,4,2458,5761,2006,405,Lost Creek Sec 2
19115 Golden Heath Lane,77407,77498/77407,Low,299000,299000,299000,2.1,3,2130,6116,2004,160,Grand Mission Sec 5
5806 Spring Sunrise Drive,77407,77498/77407,Low,298000,298500,298000,2.0,3,1717,5400,2005,127,Waterview Estates Sec
1231 Bramblebury Drive,77498,77498/77407,Low,297500,299900,297500,2.0,3,1750,8381,1976,39,Covington Woods Sec 4
18946 Barrington Grove Trace,77407,77498/77407,Low,297000,300000,297000,2.0,3,1542,5400,2016,3,Grand Vista
7926 Euphonia Glade Lane,77407,77498/77407,Low,297000,297000,297000,2.0,3,1835,6416,2018,1,Grand Vista Sec 26
16910 Dusty Mill Drive W,77498,77498/77407,Low,296000,309990,296000,2.0,3,1746,5243,1992,13,Pheasant Creek Sec 2
18743 Majestic Vista Lane,77407,77498/77407,Low,295500,309000,295500,2.0,3,1777,5400,2015,86,Grand Vista
14954 Sugar Sands Drive,77498,77498/77407,Low,295000,319000,295000,2.1,3,2371,6789,2003,125,7559-02 - SUGAR GROVE SEC 2
6714 Claire Brook Drive,77407,77498/77407,Low,295000,297000,295000,2.0,4,1767,6271,2010,68,Grand Meadow Sec 3
7306 Autumn Aspen Lane,77407,77498/77407,Low,295000,319000,295000,2.0,4,2055,5773,2003,46,Lakemont Sec 4
17107 Canterbury Green Court,77498,77498/77407,Low,295000,299900,295000,2.0,4,1762,7497,1999,20,Summerfield Sec 6
13719 Oakwood Lane,77498,77498/77407,Low,295000,299000,295000,2.1,4,2052,8527,1972,3,Imperial Estates
20634 Sapphire Lake Road,77407,77498/77407,Low,295000,299000,295000,2.0,3,1830,5812,2007,32,Fieldstone Sec 2
902 Rolling Mill Drive,77498,77498/77407,Low,295000,369990,295000,2.1,5,2500,9264,1981,358,Sugarmill
7927 Tindarey Maple Trace,77407,77498/77407,Low,295000,299000,295000,2.0,3,1563,5860,2018,153,Grand Vista
3623 Stratford Town Lane,77498,77498/77407,Low,295000,295000,295000,2.0,3,1815,6807,1998,98,Stratford Park Village Four
7810 Rocky Peak Lane,77407,77498/77407,Low,295000,295000,295000,2.1,4,3087,7437,2006,29,Twin Oaks Village Sec 10
15619 Lost Maples Drive,77498,77498/77407,Low,295000,329000,295000,2.0,4,1805,8093,1999,33,Park Pointe
7523 Chathan Glen Lane,77407,77498/77407,Low,295000,315000,295000,2.0,4,2120,12054,2007,145,Grand Mission
5515 Marble Ravine Drive,77407,77498/77407,Low,295000,299800,295000,2.0,3,1528,5445,2008,109,Fieldstone Sec 4
22118 Cassini Court,77407,77498/77407,Low,295000,310000,295000,2.1,4,2530,6075,2005,188,Grand Meadow Sec 1
20122 Graphite Canyon Court,77407,77498/77407,Low,294845,292900,294845,2.0,3,1724,5433,2014,29,Fieldstone Sec 8
7418 Lakesage Lane,77407,77498/77407,Low,294500,325000,294500,2.0,3,2108,7660,2006,7,Lakemont Terrace Sec 3
16827 Dunbar Grove Court,77498,77498/77407,Low,294000,305000,294000,2.0,3,1977,6196,1997,222,Summerfield Sec 4
1410 Waterside Village Drive,77407,77498/77407,Low,292900,295000,292900,2.0,3,1797,6743,2003,35,Waterside Village Sec 2
17022 Evening Run Lane,77407,77498/77407,Low,292000,299990,292000,2.0,3,2110,5958,2005,6,Withers Ridge Sec 1
7303 Roundrock Park Lane,77407,77498/77407,Low,292000,297000,292000,2.0,3,1616,6204,2002,11,Twin Oaks Village Sec 3
11134 Beverley Park St,77498,77498/77407,Low,291490,300000,291490,3.1,4,2449,3508,2019,5,Napa Valley
9226 Adobe Sky Court,77407,77498/77407,Low,291000,308000,291000,2.0,4,1562,6225,2014,82,Mission Trace Sec 2
16622 Village View Trail,77498,77498/77407,Low,291000,294000,291000,2.0,3,2206,6699,2001,4,Village Of Oak Lake
16910 Pheasant Ridge Dr Drive,77498,77498/77407,Low,290000,290000,290000,2.0,3,1906,6458,1996,31,Summerfield
18114 Crestglen Court,77407,77498/77407,Low,290000,295000,290000,2.1,3,2043,6226,2003,63,Twin Oaks Village
16939 Midnight Sun Lane,77407,77498/77407,Low,290000,295000,290000,2.1,4,2667,5945,2005,10,Withers Ridge Sec 1
18911 Majestic Vista Lane,77407,77498/77407,Low,290000,305900,290000,2.0,3,1557,5875,2014,26,Grand Vista Sec 2
2507 Glenholly Park Drive,77498,77498/77407,Low,290000,305000,290000,2.1,4,2123,4499,2005,117,Riverway Estates Sec 1
17906 Camden Oaks Lane,77407,77498/77407,Low,290000,295000,290000,2.1,3,2213,6534,1997,284,West Oaks Village
18147 Brightwood Park Lane,77407,77498/77407,Low,290000,319999,290000,2.1,3,2036,6246,2005,84,Twin Oaks Village Sec 6
21735 Sierra Long Drive,77407,77498/77407,Low,290000,290000,290000,2.0,3,1828,6206,2010,156,Lost Creek Sec 2
8446 Orchard Mist Lane,77407,77498/77407,Low,290000,295000,290000,2.0,4,1631,5175,2005,31,Mission Oaks Sec 2
20206 Windsor Trace Lane,77407,77498/77407,Low,290000,339900,290000,2.0,3,2353,6835,2005,29,Lakemont Meadows Sec 1
17719 Rose Summit Lane,77407,77498/77407,Low,290000,329000,290000,2.0,3,1469,6120,2015,37,Mission Trace
1003 Sugarfield Court,77498,77498/77407,Low,290000,300000,290000,2.0,3,1638,7505,1984,97,Sugarmill
13711 Greenway Drive,77498,77498/77407,Low,289000,289000,289000,2.0,4,1902,7894,1972,26,Imperial Woods
9426 Coatsworth Drive,77498,77498/77407,Low,288000,299900,288000,2.1,3,1760,4687,2005,16,Kingsbridge Village
7419 Sabinal Creek,77407,77498/77407,Low,287500,307300,287500,2.0,3,1844,NULL,2007,94,Lost Creek
13607 Cherrydown Street,77498,77498/77407,Low,287500,287500,287500,2.0,3,1412,6363,1975,4,Covington Woods Sec 4
7411 Rustic Chase Drive,77407,77498/77407,Low,287000,304999,287000,2.0,3,2097,7130,2006,65,Grand Mission Sec 10
7327 Boerne Creek Drive,77407,77498/77407,Low,287000,294900,287000,2.0,3,2169,5731,2009,84,Lost Creek Sec 2
2902 Secluded Drive,77498,77498/77407,Low,287000,288000,287000,2.0,3,1680,6987,1992,116,Pheasant Creek Sec 2
19130 Golden Heath Lane,77407,77498/77407,Low,286000,309995,286000,2.0,3,1793,8368,2004,103,Grand Mission Sec 5
14811 Cumberland Bridge Lane,77498,77498/77407,Low,285000,299999,285000,2.0,3,2132,7161,2001,8,Woodbridge Of Fbc Sec 7
16307 Bettong Court,77498,77498/77407,Low,285000,295000,285000,2.0,4,1800,5266,2005,24,Oak Lake Court
15006 Sugarhollow Drive,77498,77498/77407,Low,285000,305999,285000,2.0,3,1777,5368,2002,29,Sugargrove
1310 Barrowgate Drive,77498,77498/77407,Low,285000,299000,285000,2.0,4,1764,8144,1975,55,Covington Woods
17747 Barton Point Lane,77407,77498/77407,Low,285000,289000,285000,2.1,3,2065,6799,2004,50,MISSION OAKS SEC 1
6806 Oakleaf Trail Lane,77407,77498/77407,Low,285000,285000,285000,2.0,3,1574,6733,1998,75,West Oaks Village
18207 Morningside Downs Way,77407,77498/77407,Low,285000,295000,285000,2.0,3,1644,6268,2018,35,Grand Vista Lakes
9714 Angleside Lane,77498,77498/77407,Low,285000,299000,285000,2.1,4,2368,5175,2005,140,Sugarfield Sec 2
7610 Clarendon Bend Lane,77407,77498/77407,Low,285000,295000,285000,2.0,3,1675,6746,2005,1,Twin Oaks Village
5715 Water Voilet ln,77407,77498/77407,Low,285000,299000,285000,2.0,3,1725,NULL,2014,77,Waterview Estates
16546 Tranquil Drive,77498,77498/77407,Low,285000,310000,285000,2.0,3,1436,8745,1984,63,Pheasant Creek Sec 2
4826 Lawson Lake Lane,77407,77498/77407,Low,284550,299500,284550,2.0,3,1696,6325,2003,56,Waterside Village
15627 Oakworth Court,77498,77498/77407,Low,283250,285000,283250,2.0,3,1849,7142,1994,5,Village Of Oak Lake Sec 3
1823 Pinewood Court,77498,77498/77407,Low,283000,285000,283000,2.1,4,2108,7043,1978,20,Imperial Woods
9714 Broadley Drive,77498,77498/77407,Low,283000,400000,283000,3.0,5,3387,22613,1993,78,Tealbriar
17902 Sunshine Trace Lane,77407,77498/77407,Low,283000,299000,283000,2.1,4,2372,5897,2006,54,Mission Oaks
18419 Austin Oak Lane,77407,77498/77407,Low,281500,286000,281500,2.1,3,1935,5400,2005,37,Twin Oaks Village Sec 9
17011 Midnight Sun Lane,77407,77498/77407,Low,281000,289900,281000,2.0,3,1751,5958,2005,44,Withers Ridge Sec 1
14914 Sugarhollow Drive,77498,77498/77407,Low,280000,298999,280000,2.0,3,1777,5290,2002,41,Sugar Grove Sec 1
12918 Stratford Mill Lane,77498,77498/77407,Low,280000,282000,280000,2.0,3,1809,6480,2000,112,Stratford Park Village Three
7326 Wimberly Oaks Lane,77407,77498/77407,Low,280000,285000,280000,2.0,3,1786,6985,2002,40,Twin Oaks Village Sec 3
10415 Towne Oak Lane,77498,77498/77407,Low,280000,284900,280000,2.0,4,1604,6240,1974,35,Townewest Sec 1
7419 Avalon Trace,77407,77498/77407,Low,280000,288000,280000,2.0,3,1513,6497,2007,58,Lakemont Manor Sec 1
19915 Shore Meadows Lane,77407,77498/77407,Low,280000,292000,280000,2.0,3,1768,5500,2006,28,Lakemont Terrace
13805 Imperial Court,77498,77498/77407,Low,280000,285000,280000,2.0,4,2416,15106,1972,81,Imperial Woods
1415 Rogers Lake Lane,77407,77498/77407,Low,280000,285000,280000,2.0,3,1538,5500,2003,42,Waterside Village Sec 2
21722 Sierra Long Drive,77407,77498/77407,Low,280000,285000,280000,2.0,3,1699,6391,2008,255,Lost Creek Sec 2
17423 Heath Grove Lane,77407,77498/77407,Low,279900,279900,279900,2.1,4,2036,5954,2001,11,Twin Oaks Village Sec 1
20115 Linden Spruce Lane,77407,77498/77407,Low,279800,287000,279800,2.0,3,1745,5911,2014,179,Waterview Estates
16318 Brush Meadows Ct Court,77498,77498/77407,Low,279000,279000,279000,2.1,3,2101,6836,1989,4,Village Of Oak Lake R/P
18019 Surrey Lake Lane,77407,77498/77407,Low,278500,289000,278500,2.0,3,1538,5615,2009,55,Mission Sierra Sec 2
1323 Ashwood Drive,77498,77498/77407,Low,277500,275000,277500,2.0,3,1535,8691,1977,4,Covington Woods Sec 5
3506 Stratford Plaza Lane,77498,77498/77407,Low,277000,285000,277000,2.0,3,1815,9639,1998,39,Stratford Park Village Four
15007 Sugar Sands Drive,77498,77498/77407,Low,275000,309786,275000,2.1,3,2371,4910,2003,166,Sugar Grove Sec 2
19327 Christine Crossing Drive,77407,77498/77407,Low,275000,260000,275000,2.0,3,1638,5626,2006,8,Bradford Park Sec 2
17535 Heath Grove Ln,77407,77498/77407,Low,275000,285990,275000,2.1,4,2036,NULL,2002,87,Twin Oaks Village
1403 Maygrove Drive,77498,77498/77407,Low,275000,309900,275000,2.1,4,2653,7987,1973,348,Covington Woods Sec 3
7222 Highland Chase Drive,77407,77498/77407,Low,275000,299990,275000,2.0,3,1352,6177,2019,80,Lakeview Retreat Sec 2
7315 Windy Port Lane,77407,77498/77407,Low,275000,279000,275000,2.0,3,1513,6221,2004,11,Lakemont Sec 12
607 E Church Drive,77498,77498/77407,Low,275000,299000,275000,3.1,5,3320,10906,1965,232,Seventh Street Sub
1102 Ashdale Drive,77498,77498/77407,Low,275000,275000,275000,3.0,3,2105,7549,1976,178,Covington Woods Sec 4
16531 Tranquil Drive,77498,77498/77407,Low,273000,269000,273000,2.0,3,1621,6503,1989,6,Pheasant Creek
20138 East Lakebridge Ln,77407,77498/77407,Low,272000,290000,272000,2.0,3,1620,5929,2006,46,Lakemont Terrace Sec 2
21614 BEDIAS CREEK DRIVE,77407,77498/77407,Low,271500,261500,271500,2.0,3,1501,5990,2005,61,Lost Creek Sec 1
6710 Claire Brook Drive,77407,77498/77407,Low,270750,285000,270750,2.0,3,1616,6271,2010,77,Grand Meadow Sec 3
2903 Silent Drive,77498,77498/77407,Low,270000,274999,270000,2.0,4,1462,6346,1984,30,Pheasant Creek Sec 2
7814 Talladega Springs Lane,77407,77498/77407,Low,270000,279900,270000,2.0,3,1528,6510,2005,18,Twin Oaks Village Sec 9
7407 Rustic Chase Drive,77407,77498/77407,Low,270000,300000,270000,2.0,3,1613,6547,2006,164,Grand Mission Sec 10
5706 Baldwin Elm Street,77407,77498/77407,Low,270000,272900,270000,2.0,3,1717,6160,2005,40,Waterview Estates Sec 1
1215 Pinecroft Drive,77498,77498/77407,Low,269000,270000,269000,2.0,3,1229,9697,1974,16,Covington Woods
17927 Scenic Oaks Drive,77407,77498/77407,Low,269000,279900,269000,2.1,3,2307,5981,1996,40,West Oaks Village Sec 1
17114 E Pecan Acres Drive E,77498,77498/77407,Low,269000,269900,269000,2.1,4,2247,NULL,1994,135,Summerfield Sec 1
20126 Linden Spruce Lane,77407,77498/77407,Low,268000,278000,268000,2.0,3,1589,5400,2014,56,Waterview Estates Sec 13
13910 Baytree Drive,77498,77498/77407,Low,268000,279900,268000,2.1,4,2342,7070,1975,61,Covington Woods Sec 3
6811 Shelby Oaks Drive,77407,77498/77407,Low,267000,275000,267000,2.0,3,1851,7338,1999,5,West Oaks Village Sec 1
18111 Flower Grove Court,77407,77498/77407,Low,267000,279900,267000,2.0,3,1616,6551,2003,52,Twin Oaks Village Sec 5
16518 Pademelon Drive,77498,77498/77407,Low,266000,277500,266000,2.0,3,1372,5022,2006,59,Oak Lake Court
10110 Hollow Canyon Drive,77498,77498/77407,Low,265000,264000,265000,2.0,3,1376,6300,1981,17,Townewest Sec 4
7102 Grassy Grove Lane,77407,77498/77407,Low,265000,279000,265000,2.0,3,1613,7622,2004,39,Grand Mission Sec 5
1142 Pinecroft Drive,77498,77498/77407,Low,265000,275000,265000,2.0,3,1571,7257,1974,39,Covington Woods
9611 Prairie Dog Run,77498,77498/77407,Low,265000,275000,265000,2.0,3,1648,5489,2002,28,Eaglewood Sec 7
6011 Baldwin Elm Street,77407,77498/77407,Low,265000,285000,265000,2.1,3,2163,5400,2004,154,Waterview Estates
7831 Crescent Village Lane,77407,77498/77407,Low,265000,290000,265000,2.1,4,2463,5940,2007,127,Twin Oaks Village Sec 14
16830 Needle Ridge Court,77498,77498/77407,Low,265000,285000,265000,2.0,4,2145,6516,1997,122,Summerfield
14006 Blue Falls Dr,77498,77498/77407,Low,265000,265000,265000,2.0,4,2047,7000,1982,97,Townewest Sec 6
17023 Enchanted Circle W,77498,77498/77407,Low,265000,279990,265000,2.0,3,1510,5181,1991,100,Pheasant Creek Sec 2
10218 Towneview Drive,77498,77498/77407,Low,265000,265000,265000,2.0,4,1604,6240,1975,114,Townewest Sec 1
14303 Branchwater Lane,77498,77498/77407,Low,264000,272000,264000,3.0,4,1716,7350,1979,109,Townewest
17802 Oakridge Canyon Lane,77407,77498/77407,Low,263500,291200,263500,2.0,3,2125,6996,2006,52,Twin Oaks Village Sec 11
14927 Sugar Sweet Drive,77498,77498/77407,Low,263500,279000,263500,2.0,3,1495,5060,2005,34,Sugar Grove
16710 Cobble Ridge Drive,77498,77498/77407,Low,262500,270000,262500,2.0,3,1618,6794,1980,74,Pheasant Creek
17546 Heath Grove LN,77407,77498/77407,Low,262500,275000,262500,2.1,3,2043,9360,2001,21,TWIN OAKS VILLAGE SEC 1
7218 Autumn Bluff Lane,77407,77498/77407,Low,260000,260000,260000,2.0,3,1616,5965,2003,25,Twin Oaks Village Sec 5
15035 Sugar Place Drive,77498,77498/77407,Low,260000,265000,260000,2.0,3,1495,5290,2004,14,Sugar Grove
16311 Yabbie Drive,77498,77498/77407,Low,260000,289000,260000,3.1,5,2684,5267,2005,19,Oak Lake Court
7214 Chasegrove Lane,77407,77498/77407,Low,260000,265000,260000,2.0,3,1475,5494,2005,40,Lakemont Terrace Sec 1
1103 Ashdale Drive,77498,77498/77407,Low,260000,292000,260000,2.0,4,1684,7561,1975,86,Covington Woods Sec 4
13519 Greenway Drive,77498,77498/77407,Low,260000,274700,260000,2.0,3,1153,6780,1970,26,Greenbriar Add
210 Mill Trail Drive,77498,77498/77407,Low,260000,350000,260000,2.1,4,2406,7683,1984,245,Sugarmill Sec 5
16331 Sitella Court,77498,77498/77407,Low,260000,268000,260000,2.1,3,1533,7039,2006,17,Oak Lake Court
19114 Mission Fort Lane,77407,77498/77407,Low,260000,274900,260000,2.0,3,1870,5382,2007,37,Bradford Park Sec 1
13822 New Village Lane,77498,77498/77407,Low,259500,256000,259500,2.0,3,1296,6240,1976,14,Townewest Sec 1
13415 Naples Bridge Road,77498,77498/77407,Low,258400,257000,258400,2.1,3,1620,4664,1999,363,Eldridge Park Village Sec 1
13723 Greenway Drive,77498,77498/77407,Low,257500,259900,257500,3.0,4,2511,7255,1972,8,Imperial Woods
8002 Mountain Mist Court,77407,77498/77407,Low,257500,289900,257500,2.1,4,2200,6934,2006,77,Twin Oaks Village Sec 14
16841 Aprilmont Drive,77498,77498/77407,Low,257000,260000,257000,2.0,3,1618,9343,1980,87,Pheasant Creek Sec 1
16322 Ginger Run Way,77498,77498/77407,Low,256500,273000,256500,2.0,4,1731,6936,1986,78,Village Of Oak Lake
10614 Sugar Trace Drive,77498,77498/77407,Low,256000,260000,256000,2.0,3,1495,5290,2005,8,Sugar Grove
18106 Bluefield Lane,77407,77498/77407,Low,255900,265000,255900,2.0,3,1616,5774,2003,8,Twin Oaks Village Sec 5
13754 Shirebrook Drive,77498,77498/77407,Low,255000,259980,255000,2.0,3,1227,6714,1973,10,Covington Woods Sec 2
13622 Cherrydown Street,77498,77498/77407,Low,253500,262000,253500,2.0,4,1684,7340,1975,7,Covington Woods Sec 4
17739 Barton Point Lane,77407,77498/77407,Low,252000,265000,252000,2.0,3,1492,5175,2004,33,Mission Oaks
13910 Bay Gardens Drive,77498,77498/77407,Low,252000,265000,252000,2.0,3,1434,5775,1991,27,Townewest Sec 5
14031 Bay Gardens Drive,77498,77498/77407,Low,251500,260000,251500,2.0,3,1356,6300,1982,13,Townewest Sec 5
9915 Towne Tower Lane,77498,77498/77407,Low,250000,250000,250000,2.0,4,1604,6656,1976,0,Townewest Sec 1
8426 Garrett Green Lane,77407,77498/77407,Low,250000,250000,250000,2.1,3,1217,5313,2005,221,Mission Oaks Sec 1
18202 Sorrell Oaks Lane,77407,77498/77407,Low,250000,250000,250000,2.0,3,1278,5520,2006,24,Twin Oaks Village Sec 14
10410 Cedartowne Lane,77498,77498/77407,Low,250000,260000,250000,2.0,3,1584,5200,1976,183,Townewest
18139 Mossy Creek Lane,77407,77498/77407,Low,250000,270000,250000,2.0,3,1538,5593,2007,248,Mission Sierra Sec 2
1807 Oaklawn Street,77498,77498/77407,Low,249000,249800,249000,2.0,3,1422,7938,1970,31,Greenbriar
1203 Bramblebury Drive,77498,77498/77407,Low,248000,249900,248000,2.0,3,1508,9537,1976,3,Covington Woods Sec 4
10107 Hollow Canyon Drive,77498,77498/77407,Low,247000,255000,247000,2.0,3,1376,6615,1981,158,Townewest Sec 4
13419 Greenway Drive,77498,77498/77407,Low,247000,259000,247000,2.0,3,1414,6681,1970,141,Greenbriar Add
13807 Templar Lane,77498,77498/77407,Low,246000,246000,246000,2.0,3,1584,6240,1975,110,Townewest Sec 1
16311 Woma Court,77498,77498/77407,Low,245000,255000,245000,2.0,3,1221,5219,2005,6,Oak Lake Court
14006 Towneway Drive,77498,77498/77407,Low,245000,245000,245000,2.0,3,1250,6240,1980,5,Townewest Sec 4
9002 Kerry Prairie Lane,77407,77498/77407,Low,245000,265000,245000,2.1,3,1754,7216,2009,16,Bradford Park
13819 Southline Road,77498,77498/77407,Low,245000,239900,245000,2.0,4,1604,6720,1975,8,Townewest Sec 1
10622 Highland Woods Drive,77498,77498/77407,Low,245000,250000,245000,2.0,3,1383,6299,1982,137,Townewest
13607 Fernhill Drive,77498,77498/77407,Low,245000,250000,245000,2.0,3,1382,6599,1973,5,Covington Woods
16802 Tranquil Drive,77498,77498/77407,Low,243000,260000,243000,2.0,3,1301,6384,1984,34,Pheasant Creek Sec 2
13430 Greenway Dr,77498,77498/77407,Low,242500,250000,242500,2.0,3,1789,8933,1971,20,Greenbriar Add
14023 Old Village Lane,77498,77498/77407,Low,242000,249999,242000,2.0,3,1383,8940,1982,22,Townewest Sec 2
8507 Bright Night Drive,77407,77498/77407,Low,240000,260000,240000,2.0,3,1751,5456,2005,95,Withers Ridge Sec 1
7922 Thorncroft Manor Lane,77407,77498/77407,Low,240000,239999,240000,2.0,4,1885,5771,2007,9,Grand Mission Sec 12
13722 Woodchester Drive,77498,77498/77407,Low,240000,278000,240000,2.0,3,1875,6890,1974,131,Covington Woods
7022 Bossut Drive,77407,77498/77407,Low,237000,235900,237000,2.1,4,2518,7786,2005,71,Grand Meadow Sec 1
10314 Hollow Canyon Court,77498,77498/77407,Low,236000,239900,236000,2.0,3,1419,6300,1981,193,Townewest
13610 Lynnwood Lane,77498,77498/77407,Low,235000,275000,235000,2.0,3,1499,15536,1973,59,Imperial Estates Sec 1
16710 Rippling Mill Drive,77498,77498/77407,Low,235000,230000,235000,2.0,3,1306,6717,1982,61,Pheasant Creek
2742 Villa Del Street,77498,77498/77407,Low,235000,249995,235000,2.0,3,1577,5211,1998,45,Eldridge Park Village Sec 1
16810 Rippling Mill Drive,77498,77498/77407,Low,235000,250000,235000,2.0,3,1379,6170,1982,32,Pheasant Creek Sec 1
10123 Kent Towne Lane,77498,77498/77407,Low,232500,240000,232500,2.0,3,1584,7300,1976,325,Townewest
7307 Eden Crossing Lane,77407,77498/77407,Low,230000,234900,230000,2.1,4,2033,8484,2002,21,Twin Oaks Village Sec 3
17006 Enchanted Circle E,77498,77498/77407,Low,230000,233000,230000,2.0,3,1232,5760,1983,8,Pheasant Creek Sec 2
17127 WESTMINSTER VILLAGE Court,77407,77498/77407,Low,230000,239000,230000,2.1,3,1960,5060,2003,62,WESTMINSTER VILLAGE
14002 Kathi Lynn Lane,77498,77498/77407,Low,230000,239000,230000,2.0,3,1318,7467,1983,25,Ragus Lake Estates Sec 1
10422 Cedartowne Lane,77498,77498/77407,Low,229710,246999,229710,2.0,3,1584,6760,1976,4,Townewest Sec 1
9615 Milas Way,77498,77498/77407,Low,225000,210000,225000,2.0,3,1668,5779,2004,3,Eaglewood Sec 8
227 Lakeview Drive,77498,77498/77407,Low,225000,245000,225000,1.0,2,994,8189,1920,168,S M WILLIAMS
231 Lakeview Drive,77498,77498/77407,Low,224489,225000,224489,1.0,2,720,8364,1920,248,S M Williams
10322 Clarktower Lane,77498,77498/77407,Low,222900,234900,222900,2.0,3,2038,6240,1980,83,Townewest Sec 1
10327 Hollow Canyon Court,77498,77498/77407,Low,221500,250000,221500,2.0,3,1171,11400,1981,25,Townewest
10103 King Ranch Lane,77498,77498/77407,Low,220000,225000,220000,2.0,3,1490,6300,1981,23,Townewest Sec 4
13807 Bonnetbriar Lane,77498,77498/77407,Low,220000,249000,220000,2.0,4,1893,5633,2006,43,Sugarfield Sec 2
14003 Clear Forest Drive,77498,77498/77407,Low,220000,224990,220000,2.0,2,999,5775,1983,107,Townewest
14110 Towne Way Drive,77498,77498/77407,Low,219900,219975,219900,1.1,3,1122,7860,1981,131,Townewest Sec 4
13719 Southline Road,77498,77498/77407,Low,216600,224900,216600,2.0,3,1296,7735,1975,74,Townewest Sec 1
14311 Southline Road,77498,77498/77407,Low,215000,215000,215000,2.0,3,1488,8100,1979,2,Townewest
13911 Clear Forest Drive,77498,77498/77407,Low,215000,220000,215000,2.0,3,1274,5510,1982,21,Townewest Sec 6
1307 Hitherfield Drive,77498,77498/77407,Low,212000,189900,212000,2.0,3,1827,6361,1975,4,Covington Woods Sec 3
14010 TowneWay Drive,77498,77498/77407,Low,212000,209900,212000,2.0,3,1129,6240,1980,10,Townewest Sec 4
13518 Greenbriar Drive,77498,77498/77407,Low,211000,220000,211000,2.0,3,1105,6803,1970,6,Greenbriar Add
13827 Bay Gardens Drive,77498,77498/77407,Low,210000,205000,210000,2.0,2,1207,5250,1982,13,Townewest
13502 Knottinghill Drive,77498,77498/77407,Low,210000,290000,210000,2.0,4,2048,12191,1976,80,Covington Woods
10018 King Ranch Lane,77498,77498/77407,Low,206000,215000,206000,2.0,3,1171,6300,1981,93,Townewest Sec 4
10943 Spanish Grant Drive,77498,77498/77407,Low,200000,215000,200000,1.0,3,1197,7739,1983,282,Townewest Sec 6
1139 PINECROFT DR,77498,77498/77407,Low,199900,199900,200000,2.0,3,1724,0,1974,5,NOT IN DEFINED SUBDIVISION
1119 Pinecroft Drive,77498,77498/77407,Low,199000,199000,199000,2.0,3,1824,10285,1974,2,Covington Woods
13510 Greenbriar Drive,77498,77498/77407,Low,199000,199000,199000,1.1,3,1279,6722,1970,43,Greenbriar Add
1326 Ashwood Drive,77498,77498/77407,Low,195000,220000,195000,2.0,3,1229,8638,1977,19,Covington Woods Sec 5
19922 Shore Meadows Lane,77407,77498/77407,Low,195000,194300,195000,2.0,4,1990,5613,2005,2,Lakemont Terrace Sec 2
14038 Towne Way Drive,77498,77498/77407,Low,195000,219900,195000,2.0,3,1039,7280,1981,38,Townewest Sec 4
10026 Towne Brook Lane,77498,77498/77407,Low,192000,300000,192000,2.0,4,2716,6344,1976,0,Townewest Sec 1
10102 Old Towne Lane,77498,77498/77407,Low,190000,220000,190000,2.1,4,2417,7960,1976,35,Townewest Sec 1
9903 Kent Towne Lane,77498,77498/77407,Low,190000,209000,190000,2.0,3,1296,7400,1977,152,Townewest Sec 1
17002 Rippling Mill Drive,77498,77498/77407,Low,190000,205000,190000,1.0,2,1013,6942,1982,80,Pheasant Creek Sec 1
10311 Westedge Drive,77498,77498/77407,Low,189000,185000,189000,2.0,3,1175,6240,1981,17,Townewest Sec 4
10734 Parkland Woods,77498,77498/77407,Low,185000,189000,185000,2.0,3,1059,NULL,1982,12,Townewest
10918 Spanish Grant Drive,77498,77498/77407,Low,175000,189000,175000,2.0,3,1138,6050,1982,67,Townewest
13803 Southline Road,77498,77498/77407,Low,170000,190000,170000,2.0,3,1488,7520,1975,24,Townewest Sec 1
10446 Towneview Drive,77498,77498/77407,Low,170000,190000,170000,2.0,3,1584,6830,1978,3,Townewest Sec 2
13515 Greenbriar Drive,77498,77498/77407,Low,170000,189000,170000,2.0,3,1260,7271,1971,4,Greenbriar Add
10339 Gulfstream Lane,77498,77498/77407,Low,165000,180000,165000,2.0,2,1248,6426,1981,5,Townewest
10310 Overview Drive,77498,77498/77407,Low,160000,205500,160000,2.0,3,1296,7700,1978,182,Townewest Sec 1
2903 Silent Drive,77498,77498/77407,Low,156800,200000,156800,2.0,4,1462,6346,1984,7,Pheasant Creek Sec 2
13730 Fernhill Drive,77498,77498/77407,Low,155000,179000,155000,2.0,3,1382,18745,1973,1,Covington Woods Sec 1
14240 Bay Gardens Drive,77498,77498/77407,Low,154000,191000,154000,2.0,3,1383,11372,1982,56,Townewest Sec 5
14207 Greenway Drive Drive,77498,77498/77407,Low,150000,150000,150000,2.0,3,1593,11946,1977,7,Covington West
